"gid","id","team","d_seq","d_pos","stattype","d_ifouts","d_po","d_a","d_e","d_dp","d_tp","d_pb","d_wp","d_sb","d_cs","d_gs","date","number","site","opp","wl","gametype","box"
"KCM193008020","gibsj101","HOM","1","2","value","36","28","0","1","0","0","0","","","","1","19300802","0","KAN05","KCM","w","exhibition","y"
"DT1193008220","gibsj101","HOM","1","2","value","27","9","1","0","0","0","0","","","","1","19300822","0","AKR01","DT1","w","championship","y"
"DT1193008280","gibsj101","HOM","1","2","value","","7","1","0","0","0","0","","","","1","19300828","0","DET06","DT1","w","championship","y"
"SSN193009010","gibsj101","HOM","1","2","value","24","7","0","0","0","0","0","","","","1","19300901","0","STL12","SSN","l","championship","y"
"SSN193009020","gibsj101","HOM","1","2","value","24","1","2","1","1","0","1","","","","1","19300902","0","STL12","SSN","l","championship","y"
"SSN193009030","gibsj101","HOM","1","2","value","32","","","0","0","0","1","","","","1","19300903","0","STL12","SSN","l","championship","y"
"HOM193009201","gibsj101","HOM","1","2","value","27","5","0","0","0","0","0","","","","1","19300920","1","PIT06","NYL","w","championship","y"
"HOM193009202","gibsj101","HOM","1","2","value","30","5","1","0","0","0","1","","","","1","19300920","2","PIT06","NYL","w","championship","y"
"NYL193009211","gibsj101","HOM","1","2","value","24","3","2","1","0","0","0","","","","1","19300921","1","NYC16","NYL","l","championship","y"
"NYL193009212","gibsj101","HOM","1","2","value","30","5","0","0","0","0","0","","","","1","19300921","2","NYC16","NYL","w","championship","y"
"NYL193009250","gibsj101","HOM","1","2","value","27","2","0","0","0","0","0","","","","1","19300925","0","PHI17","NYL","w","championship","y"
"NYL193009271","gibsj101","HOM","1","2","value","26","2","3","0","0","0","0","0","1","1","1","19300927","1","NYC16","NYL","l","exhibition","y"
"NYL193009272","gibsj101","HOM","1","2","value","27","3","0","0","0","0","0","1","1","0","1","19300927","2","NYC16","NYL","w","exhibition","y"
"NYL193009281","gibsj101","HOM","1","2","value","24","4","1","0","0","0","0","","","","1","19300928","1","NYC16","NYL","l","championship","y"
"NYL193009282","gibsj101","HOM","1","2","value","24","4","1","0","0","0","0","","","","1","19300928","2","NYC16","NYL","w","championship","y"
"ASO193110040","gibsj101","HOM","1","7","value","27","3","0","0","0","0","","","","","","19311004","0","CLE07","ASO","w","exhibition","y"
"PTC193207082","gibsj101","PTC","1","7","value","27","1","0","0","0","0","","","","","1","19320708","2","PIT09","NY5","w","exhibition","y"
"PTC193209190","gibsj101","PTC","1","2","value","27","4","0","0","0","0","0","","","","1","19320919","0","PIT09","HOM","l","exhibition","y"
"PTC193209270","gibsj101","PTC","1","2","value","27","5","1","0","0","0","1","","","","1","19320927","0","YOR01","NLS","w","exhibition","y"
"PTC193209280","gibsj101","PTC","1","7","value","9","1","1","2","0","0","","","","","","19320928","0","PIT09","NLS","l","exhibition","y"
"PTC193209300","gibsj101","PTC","1","7","value","27","3","0","0","0","0","","","","","1","19320930","0","ALT02","NLS","w","exhibition","y"
"PTC193210011","gibsj101","PTC","1","7","value","24","1","0","0","0","0","","","","","1","19321001","1","PIT09","NLS","w","exhibition","y"
"PTC193210012","gibsj101","PTC","1","8","value","","3","0","0","0","0","","","","","1","19321001","2","PIT09","NLS","l","exhibition","y"
"PTC193210012","gibsj101","PTC","2","7","value","","0","0","0","0","0","","","","","1","19321001","2","PIT09","NLS","l","exhibition","y"
"PTC193210021","gibsj101","PTC","1","2","value","27","1","1","0","0","0","0","","","","1","19321002","1","CLE07","NLS","w","exhibition","y"
"PTC193210021","gibsj101","PTC","2","7","value","3","0","0","0","0","0","","","","","1","19321002","1","CLE07","NLS","w","exhibition","y"
"PTC193210022","gibsj101","PTC","1","7","value","21","0","0","0","0","0","","","","","1","19321002","2","CLE07","NLS","w","exhibition","y"
"PTC193307231","gibsj101","PTC","1","2","value","27","3","1","0","0","0","0","","","","1","19330723","1","CLE06","CAG","w","regular","y"
"PTC193307232","gibsj101","PTC","1","9","value","","2","0","0","0","0","","","","","1","19330723","2","CLE06","CAG","w","regular","y"
"PTC193307232","gibsj101","PTC","2","2","value","","5","1","0","0","0","0","","","","1","19330723","2","CLE06","CAG","w","regular","y"
"ASW193309100","gibsj101","ASE","1","2","value","6","1","0","1","0","0","0","0","1","0","0","19330910","0","CHI10","ASW","l","allstar","y"
"PTC193407041","gibsj101","PTC","1","2","value","27","17","0","0","0","0","0","","","","1","19340704","1","PIT09","HOM","w","exhibition","y"
"ASW193408260","gibsj101","ASE","1","2","value","24","10","2","0","1","0","0","1","0","1","1","19340826","0","CHI10","ASW","w","allstar","y"
"ASW193408260","gibsj101","ASE","2","7","value","3","0","0","0","0","0","","","","","0","19340826","0","CHI10","ASW","w","allstar","y"
"PH5193409092","gibsj101","PTC","1","2","value","27","13","1","0","0","0","0","","","","1","19340909","2","NYC16","PH5","t","exhibition","y"
"PTC193409301","gibsj101","PTC","1","2","value","27","8","0","0","0","0","1","","","","1","19340930","1","NYC16","PH5","w","exhibition","y"
"NNS193410230","gibsj101","NNS","1","2","value","27","8","1","0","0","0","0","","","","1","19341023","0","PIT06","ASD","w","exhibition","y"
"ASW193508110","gibsj101","ASW","1","2","value","33","9","1","1","0","0","1","0","1","0","1","19350811","0","CHI10","ASE","w","allstar","y"
"NY6193509130","gibsj101","PTC","1","2","value","24","3","0","0","0","0","0","","","","1","19350913","0","NYC25","NY6","l","lcs","y"
"NY6193509140","gibsj101","PTC","1","2","value","24","3","0","0","0","0","0","","","","1","19350914","0","PHI17","NY6","l","lcs","y"
"NY6193509150","gibsj101","PTC","1","2","value","27","10","0","0","0","0","0","0","0","0","1","19350915","0","NYC25","NY6","w","lcs","y"
"PTC193509180","gibsj101","PTC","1","2","value","27","8","1","0","0","0","0","","","","1","19350918","0","PIT09","NY6","l","lcs","y"
"PTC193509190","gibsj101","PTC","1","2","value","27","4","0","0","0","0","0","","","","1","19350919","0","PIT09","NY6","w","lcs","y"
"PTC193509200","gibsj101","PTC","1","2","value","27","10","3","0","0","0","0","","","","1","19350920","0","PHI17","NY6","w","lcs","y"
"NY6193509210","gibsj101","PTC","1","2","value","27","2","0","0","0","0","0","","","","1","19350921","0","PHI17","NY6","w","lcs","y"
"PH5193509222","gibsj101","PTC","1","3","value","27","7","1","0","3","0","","","","","1","19350922","2","NYC16","PH5","w","exhibition","y"
"SHR193510090","gibsj101","PTC","1","2","value","30","12","2","0","0","0","0","0","0","1","1","19351009","0","DAY03","SHR","w","exhibition","y"
"MLS193510121","gibsj101","NNS","1","2","value","27","10","2","1","0","0","0","","","","1","19351012","1","PHI11","MLS","w","exhibition","y"
"NNS193510131","gibsj101","NNS","1","2","value","27","8","0","0","0","0","0","","","","1","19351013","1","NYC16","ASD","l","exhibition","y"
"ASD193510140","gibsj101","NNS","1","5","value","27","0","1","0","0","0","","","","","1","19351014","0","YOR01","ASD","w","exhibition","y"
"ALM193510250","gibsj101","PTC","1","2","value","33","3","0","0","0","0","0","0","0","0","1","19351025","0","MEX01","ALM","t","exhibition","y"
"ALM193510260","gibsj101","PTC","1","2","value","24","7","1","0","1","0","0","","","","1","19351026","0","MEX01","ALM","l","exhibition","y"
"ALM193510270","gibsj101","PTC","1","2","value","24","7","0","0","0","0","0","2","2","0","1","19351027","0","MEX01","ALM","l","exhibition","y"
"ASW193608230","gibsj101","ASE","1","2","value","15","7","0","0","0","0","1","0","0","0","0","19360823","0","CHI10","ASW","w","allstar","y"
"PTC193609121","gibsj101","PTC","1","2","value","27","5","1","0","0","0","0","","","","1","19360912","1","PIT09","NW2","w","championship","y"
"PTC193609122","gibsj101","PTC","1","2","value","21","3","1","0","0","0","0","","","","1","19360912","2","PIT09","NW2","t","championship","y"
"PTC193609131","gibsj101","PTC","1","2","value","27","4","0","0","0","0","0","","","","1","19360913","1","TOL05","NW2","w","championship","y"
"PTC193609132","gibsj101","PTC","1","2","value","21","4","0","0","0","0","0","","","","1","19360913","2","TOL05","NW2","w","championship","y"
"PTC193609150","gibsj101","PTC","1","2","value","27","5","1","1","0","0","0","","","","1","19360915","0","DAY03","NW2","l","championship","y"
"NY5193609202","gibsj101","PTC","1","2","value","24","9","1","0","0","0","0","","","","1","19360920","2","NYC14","NY5","w","exhibition","y"
"NAL193709190","gibsj101","NNL","1","2","value","27","10","2","0","0","0","0","1","0","1","1","19370919","0","CHI09","NAL","w","allstar","y"
"NNL193709200","gibsj101","NNL","1","2","value","27","","","0","","0","","","","","1","19370920","0","IND10","NAL","w","allstar",""
"NAL193709210","gibsj101","NNL","1","2","value","27","10","1","0","0","0","0","","","","1","19370921","0","DAY03","NAL","w","allstar","y"
"NNL193709240","gibsj101","NNL","1","2","value","27","5","1","0","0","0","0","","","","1","19370924","0","PIT06","NAL","w","allstar","y"
"NNL193709261","gibsj101","NNL","1","2","value","27","7","0","0","0","0","0","","","","1","19370926","1","BAL09","NAL","l","allstar","y"
"NNL193709262","gibsj101","NNL","1","2","value","18","","","0","","0","","","","","1","19370926","2","BAL09","NAL","w","allstar",""
"PH5193804130","gibsj101","HOM","1","2","value","27","8","0","0","","","","","","","1","19380413","0","GAL01","PH5","w","exhibition","y"
"KCM193804140","gibsj101","HOM","1","2","value","27","6","0","","","","","","","","1","19380414","0","HOU04","KCM","w","exhibition","y"
"ATN193804240","gibsj101","HOM","1","2","value","27","4","1","0","0","0","0","0","0","1","1","19380424","0","ATL04","ATN","w","exhibition","y"
"PTC193804300","gibsj101","HOM","1","5","value","27","0","2","0","0","","","","","","1","19380430","0","PIT09","PTC","w","exhibition","y"
"HOM193805081","gibsj101","HOM","1","2","value","27","","","0","","","","","","","1","19380508","1","IND10","NY5","w","exibition",""
"PH5193805221","gibsj101","HOM","1","2","value","27","6","0","0","","","","","","","","19380522","1","PHI16","PH5","w","regular","y"
"PH5193805222","gibsj101","HOM","1","2","value","21","5","0","0","","","","","","","1","19380522","2","PHI17","PH5","w","regular","y"
"HOM193805291","gibsj101","HOM","1","2","value","27","","","0","","","","","","","1","19380529","1","CLE07","WBS","w","regular","y"
"HOM193805292","gibsj101","HOM","1","2","value","21","","","","","","","","","","1","19380529","2","CLE07","WBS","w","regular",""
"HOM193805301","gibsj101","HOM","1","2","value","18","2","0","","","","","","","","1","19380530","1","PIT09","WBS","w","regular","y"
"HOM193805302","gibsj101","HOM","1","2","value","21","","","","","","","","","","1","19380530","2","PIT09","WBS","w","regular",""
"NW2193806040","gibsj101","HOM","1","2","value","27","","","0","","","","","","","","19380604","0","TRE01","NW2","w","regular","y"
"HOM193806120","gibsj101","HOM","1","2","value","27","","","0","","","","","","","1","19380612","0","IND10","BLG","w","regular","y"
"HOM193806140","gibsj101","HOM","1","2","value","27","","","0","","","","","","","1","19380614","0","LOU05","BLG","w","regular","y"
"HOM193806160","gibsj101","HOM","1","2","value","","","","0","","","","","","","1","19380616","0","MID02","BLG","w","regular","y"
"BLG193806180","gibsj101","HOM","1","2","value","24","","","","","","","","","","1","19380618","0","SPR04","BLG","l","regular",""
"PTC193807021","gibsj101","HOM","1","2","value","27","","","","","","","","","","1","19380702","1","MSN01","PTC","w","regular",""
"PTC193807022","gibsj101","HOM","1","2","value","27","","","","","","","","","","1","19380702","2","GRE04","PTC","w","regular",""
"PTC193807041","gibsj101","HOM","1","2","value","27","7","0","1","0","","","","","","","19380704","1","PIT09","PTC","w","regular","y"
"PTC193807042","gibsj101","HOM","1","2","value","21","","","","","","","","","","","19380704","2","PIT09","PTC","w","regular",""
"BLG193807090","gibsj101","HOM","1","2","value","27","3","1","0","","","","","","","1","19380709","0","BAL14","BLG","w","regular","y"
"BLG193807101","gibsj101","HOM","1","2","value","27","5","0","","","","","","","","","19380710","1","BAL14","BLG","w","regular","y"
"BLG193807102","gibsj101","HOM","1","2","value","19","","","","","","","","","","","19380710","2","BAL14","BLG","l","regular","y"
"BLG193807110","gibsj101","HOM","1","2","value","27","","","","","","","","","","1","19380711","0","BAL14","BLG","w","regular","y"
"HOM193807171","gibsj101","HOM","1","2","value","27","6","0","0","","","","","","","","19380717","1","CLE06","NY5","w","regular","y"
"HOM193807172","gibsj101","HOM","1","2","value","21","2","0","0","","","","","","","","19380717","2","CLE06","NY5","l","regular","y"
"HOM193807190","gibsj101","HOM","1","3","value","27","","","","","","","","","","1","19380719","0","COL05","NY5","w","regular","y"
"HOM193807200","gibsj101","HOM","","2","value","27","","","","","","","","","","1","19380720","0","TOL05","NY5","w","regular",""
"HOM193807230","gibsj101","HOM","","2","value","27","","","","","","","","","","1","19380723","0","MCK01","MEM","l","exhibition",""
"HOM193807241","gibsj101","HOM","1","2","value","","","","","","","","","","","","19380724","1","HSM01","MEM","w","exhibition",""
"HOM193807242","gibsj101","HOM","1","2","value","24","","","","","","","","","","","19380724","2","HSM01","MEM","w","exhibition",""
"HOM193808030","gibsj101","HOM","1","2","value","","","","","","","","","","","1","19380803","0","BUF06","NW2","w","exhibition",""
"HOM193808050","gibsj101","HOM","1","2","value","27","","","0","","","","","","","1","19380805","0","BUT01","NW2","w","regular",""
"HOM193808062","gibsj101","HOM","1","2","value","21","","","0","","","","","","","","19380806","2","MSN01","NW2","l","regular",""
"HOM193808090","gibsj101","HOM","1","2","value","27","","","","","","","","","","1","19380809","0","TOL05","NW2","w","regular",""
"HOM193809041","gibsj101","HOM","","2","value","","","","","","","","","","","1","19380904","1","COL05","PTC","l","regular",""
"PTC193809042","gibsj101","HOM","2","2","value","","","","","","","","","","","","19380904","2","COL05","PTC","l","regular",""
"HOM193809070","gibsj101","HOM","","2","value","27","","","","","","","","","","1","19380907","0","BLU01","PTC","l","exhibition",""
"NNL193809240","gibsj101","NNL","1","2","value","15","0","0","0","0","0","0","0","0","0","1","19380924","0","PHI17","NAL","w","allstar","y"
"NNL193809250","gibsj101","NNL","1","2","value","9","7","0","0","0","0","0","0","0","0","1","19380925","0","NYC14","NAL","w","allstar","y"
"ATN193904210","gibsj101","HOM","1","2","value","27","3","1","0","0","0","0","0","0","1","1","19390421","0","ATL04","ATN","w","exhibition","y"
"HOM193904231","gibsj101","HOM","1","2","value","27","10","1","0","0","0","0","0","0","0","1","19390423","1","NOL01","KCM","w","exhibition","y"
"HOM193904232","gibsj101","HOM","1","2","value","24","4","0","0","0","0","0","0","0","0","1","19390423","2","NOL01","KCM","w","exhibition","y"
"HOM193904250","gibsj101","HOM","1","2","value","27","10","1","0","0","0","0","0","1","0","1","19390425","0","NOL01","KCM","w","exhibition","y"
"ATN193904280","gibsj101","HOM","1","2","value","24","","","1","","0","","","","","1","19390428","0","SEL01","ATN","l","exhibition",""
"MEM193905040","gibsj101","HOM","1","2","value","24","6","0","0","0","0","0","0","3","0","1","19390504","0","MEM02","MEM","l","exhibition","y"
"HOM193905100","gibsj101","HOM","1","2","value","24","","","0","","0","","","","","1","19390510","0","MSN01","NY5","w","exhibition",""
"HOM193905120","gibsj101","HOM","1","2","value","27","4","1","0","0","0","0","","","","1","19390512","0","PIT06","NY5","l","regular","y"
"BLG193905141","gibsj101","HOM","1","2","value","27","","","0","0","0","0","","","","1","19390514","1","BAL10","BLG","w","regular","y"
"BLG193905142","gibsj101","HOM","1","2","value","18","","","0","0","0","0","","","","1","19390514","2","BAL10","BLG","w","regular","y"
"HOM193905180","gibsj101","HOM","1","2","value","27","","","0","","0","","","","","1","19390518","0","WHE02","NY5","w","exhibition",""
"HOM193905270","gibsj101","HOM","1","2","value","27","2","0","0","0","0","0","","","","1","19390527","0","PIT06","PH5","w","regular","y"
"HOM193905281","gibsj101","HOM","1","2","value","27","5","0","0","0","0","0","","","","1","19390528","1","BUF06","PH5","w","regular","y"
"HOM193905282","gibsj101","HOM","1","2","value","21","","","0","","0","","","","","1","19390528","2","BUF06","PH5","w","regular",""
"HOM193905301","gibsj101","HOM","1","2","value","27","","","0","","0","","","","","1","19390530","1","PIT06","NY6","w","regular",""
"HOM193905302","gibsj101","HOM","1","2","value","27","","","0","","0","","","","","1","19390530","2","PIT06","NY6","w","regular",""
"HOM193905310","gibsj101","HOM","1","2","value","27","","","0","","0","","","","","","19390531","0","DAY03","NY6","w","regular",""
"PH5193906181","gibsj101","HOM","1","2","value","27","7","0","0","0","0","0","","","","1","19390618","1","PHI17","PH5","w","regular","y"
"PH5193906182","gibsj101","HOM","1","2","value","27","1","2","0","0","0","0","","","","1","19390618","2","PHI17","PH5","w","regular","y"
"PH5193906241","gibsj101","HOM","1","2","value","24","2","0","0","0","0","0","","","","1","19390624","1","PHI17","PH5","l","regular","y"
"PH5193906242","gibsj101","HOM","1","2","value","21","4","","0","0","0","0","","","","1","19390624","2","PHI17","PH5","w","regular","y"
"NW2193907091","gibsj101","HOM","1","2","value","24","","","0","0","0","0","","","","1","19390709","1","NWK04","NW2","l","regular","y"
"NW2193907092","gibsj101","HOM","1","2","value","21","","","0","0","0","0","","","","1","19390709","2","NWK04","NW2","w","regular","y"
"PH5193907151","gibsj101","HOM","1","2","value","24","3","","0","0","0","0","","","","1","19390715","1","PHI17","PH5","l","regular","y"
"PH5193907152","gibsj101","HOM","1","2","value","21","4","0","0","0","0","0","","","","1","19390715","2","PHI17","PH5","w","regular","y"
"HOM193907161","gibsj101","HOM","1","2","value","27","","","0","0","0","0","","","","1","19390716","1","WAS09","PH5","w","regular","y"
"HOM193907162","gibsj101","HOM","1","2","value","21","","","0","0","0","0","","","","1","19390716","2","WAS09","PH5","l","regular","y"
"HOM193907231","gibsj101","HOM","1","2","value","27","6","3","0","0","0","0","0","1","0","1","19390723","1","NYC16","PH5","w","regular","y"
"HOM193907240","gibsj101","HOM","1","2","value","27","6","1","0","0","0","1","","","","1","19390724","0","GRE04","PH5","w","regular","y"
"HOM193907270","gibsj101","HOM","1","2","value","30","3","0","1","0","0","0","0","0","0","1","19390727","0","WAR03","PH5","l","exhibition","y"
"PH5193907290","gibsj101","HOM","1","7","value","","9","1","1","0","0","","","","","1","19390729","0","PHI17","PH5","l","regular","y"
"PH5193907290","gibsj101","HOM","2","2","value","","","","1","0","0","1","","","","1","19390729","0","PHI17","PH5","l","regular","y"
"HOM193908020","gibsj101","HOM","1","2","value","24","7","1","0","0","0","0","","","","1","19390802","0","PIT06","NW2","w","regular","y"
"HOM193908030","gibsj101","HOM","1","2","value","27","7","0","0","0","0","0","0","0","0","1","19390803","0","ALT02","NW2","w","regular","y"
"HOM193908040","gibsj101","HOM","1","2","value","27","","","0","","0","","","","","1","19390804","0","CAN03","NW2","w","regular",""
"ASW193908060","gibsj101","ASE","1","2","value","24","6","1","0","0","0","0","0","0","1","1","19390806","0","CHI10","ASW","l","allstar","y"
"NW2193908100","gibsj101","HOM","1","2","value","24","","","0","0","0","0","","","","1","19390810","0","NWK04","NW2","l","regular","y"
"NY5193908132","gibsj101","HOM","1","2","value","27","1","1","0","0","0","0","0","0","0","1","19390813","2","NYC16","NY5","w","regular","y"
"HOM193908240","gibsj101","HOM","1","2","value","27","4","0","0","0","0","0","0","0","0","1","19390824","0","WAR03","BLG","w","regular","y"
"ASE193908270","gibsj101","ASE","1","2","value","27","7","1","0","0","0","0","0","0","1","1","19390827","0","NYC16","ASW","w","allstar","y"
"NW2193908290","gibsj101","HOM","1","2","value","24","","","0","","0","","","","","1","19390829","0","WIL07","NW2","l","exhibition",""
"PH5193909020","gibsj101","HOM","1","2","value","26","6","0","1","0","0","0","0","0","0","1","19390902","0","CHE01","PH5","l","regular","y"
"NW2193909032","gibsj101","HOM","1","2","value","27","1","0","0","0","0","0","0","0","0","1","19390903","2","NWK04","NW2","w","regular","y"
"BLG193909042","gibsj101","HOM","1","2","value","27","","","0","","0","","","","","1","19390904","2","NYC23","BLG","w","regular",""
"PH5193909130","gibsj101","HOM","1","2","value","24","5","0","0","0","0","0","0","0","0","1","19390913","0","PHI17","PH5","l","divisionseries","y"
"PH5193909140","gibsj101","HOM","1","2","value","27","8","0","0","0","0","0","0","0","1","1","19390914","0","PHI17","PH5","w","divisionseries","y"
"HOM193909160","gibsj101","HOM","1","2","value","27","3","0","0","0","0","0","0","0","0","1","19390916","0","PHI17","BLG","w","lcs","y"
"BLG193909171","gibsj101","HOM","1","2","value","24","1","0","1","0","0","1","0","0","1","1","19390917","1","BAL10","BLG","l","lcs","y"
"BLG193909172","gibsj101","HOM","1","2","value","15","3","0","0","0","0","0","0","0","1","1","19390917","2","BAL10","BLG","t","lcs","y"
"HOM193909230","gibsj101","HOM","1","2","value","27","0","0","0","0","0","0","0","0","2","1","19390923","0","PHI17","BLG","l","lcs","y"
"BLG193909240","gibsj101","HOM","1","2","value","24","6","0","0","0","0","0","0","0","0","1","19390924","0","NYC16","BLG","l","lcs","y"
"HOM194008181","gibsj101","HOM","1","2","value","27","","","1","0","0","0","","","","1","19400818","1","WAS09","PH5","w","exhibition","y"
"HOM194008182","gibsj101","HOM","1","3","value","21","","","1","0","0","","","","","1","19400818","2","WAS09","PH5","w","exhibition","y"
"NW2194204150","gibsj101","HOM","1","2","value","27","","","0","","0","","","","","1","19420415","0","RAL01","NW2","w","exhibition",""
"HOM194204191","gibsj101","HOM","1","2","value","27","7","0","0","0","0","0","","","","1","19420419","1","WAS09","NW2","l","exhibition","y"
"HOM194204192","gibsj101","HOM","1","2","value","21","3","1","0","0","0","0","","","","1","19420419","2","WAS09","NW2","l","exhibition","y"
"NY5194204240","gibsj101","HOM","1","2","value","27","5","4","0","0","0","0","","","","1","19420424","0","GRE01","NY5","w","exhibition","y"
"KCM194204261","gibsj101","HOM","1","2","value","29","7","0","0","0","0","0","","","","1","19420426","1","NOL01","KCM","l","exhibition","y"
"KCM194204262","gibsj101","HOM","1","2","value","18","","","0","","0","","","","","1","19420426","2","NOL01","KCM","w","exhibition",""
"NW2194205030","gibsj101","HOM","1","2","value","27","","","0","0","0","0","","","","1","19420503","0","NWK04","NW2","w","exhibition","y"
"HOM194205101","gibsj101","HOM","1","2","value","27","4","0","0","0","0","0","","","","1","19420510","1","WAS09","NY5","w","regular","y"
"HOM194205102","gibsj101","HOM","1","2","value","21","6","0","0","0","0","0","","","","1","19420510","2","WAS09","NY5","w","regular","y"
"HOM194205110","gibsj101","HOM","1","2","value","27","2","2","0","0","0","0","","","","1","19420511","0","ALT02","BLG","l","exhibition","y"
"HOM194205120","gibsj101","HOM","1","2","value","24","5","0","0","0","0","0","","","","1","19420512","0","AKR01","BLG","w","exhibition","y"
"HOM194205171","gibsj101","HOM","1","2","value","30","1","0","0","0","0","0","","","","1","19420517","1","WAS09","BLG","l","regular","y"
"HOM194205172","gibsj101","HOM","1","2","value","21","4","0","0","0","0","0","","","","1","19420517","2","WAS09","BLG","w","regular","y"
"BLG194205180","gibsj101","HOM","1","2","value","27","","","0","","0","","","","","1","19420518","0","BAL14","BLG","w","regular",""
"NY5194205230","gibsj101","HOM","1","2","value","27","4","1","0","0","0","0","","","","1","19420523","0","PAT01","NY5","w","regular","y"
"NY5194205241","gibsj101","HOM","1","2","value","27","2","0","0","0","0","0","","","","1","19420524","1","NYC16","NY5","w","regular","y"
"NY5194205242","gibsj101","HOM","1","2","value","24","4","0","0","0","0","0","","","","1","19420524","2","NYC16","NY5","l","regular","y"
"HOM194205250","gibsj101","HOM","1","2","value","27","","","0","","0","","","","","1","19420525","0","UNI01","NY6","w","exhibition",""
"HOM194205260","gibsj101","HOM","1","9","value","27","2","0","0","0","0","","","","","1","19420526","0","ERI01","NY6","w","exhibition","y"
"HOM194205301","gibsj101","HOM","1","2","value","27","5","1","0","0","0","0","","","","1","19420530","1","PIT06","NY6","w","regular","y"
"HOM194205302","gibsj101","HOM","1","2","value","21","","","0","","0","","","","","1","19420530","2","PIT06","NY6","w","regular",""
"HOM194205310","gibsj101","HOM","1","2","value","24","9","1","0","0","0","0","0","0","1","1","19420531","0","WAS09","ASD","w","exhibition","y"
"PH5194206040","gibsj101","HOM","1","2","value","24","5","1","0","0","0","0","","","","1","19420604","0","PHI17","PH5","l","regular","y"
"HOM194206080","gibsj101","HOM","1","3","value","21","2","0","0","0","0","","","","","1","19420608","0","YOR03","NW2","w","exhibition","y"
"HOM194206090","gibsj101","HOM","1","7","value","18","0","0","0","0","0","","","","","1","19420609","0","CAN03","NW2","w","exhibition","y"
"HOM194206100","gibsj101","HOM","1","7","value","27","2","0","0","0","0","","","","","1","19420610","0","AKR01","NW2","w","exhibition","y"
"HOM194206141","gibsj101","HOM","1","2","value","27","","","0","","0","","","","","1","19420614","1","IND10","NW2","w","regular",""
"HOM194206142","gibsj101","HOM","1","2","value","21","","","0","","0","","","","","1","19420614","2","IND10","NW2","w","regular",""
"HOM194206150","gibsj101","HOM","1","2","value","27","3","0","0","0","0","0","","","","1","19420615","0","WAP01","NW2","w","exhibition","y"
"HOM194206170","gibsj101","HOM","1","2","value","21","3","0","0","0","0","0","","","","1","19420617","0","SCR01","NY6","w","exhibition","y"
"HOM194206180","gibsj101","HOM","1","2","value","30","5","0","0","1","0","0","","","","1","19420618","0","WAS09","KCM","w","exhibition","y"
"PH5194206200","gibsj101","HOM","1","2","value","27","8","2","0","0","0","0","","","","1","19420620","0","PHI17","PH5","w","regular","y"
"PH5194206211","gibsj101","HOM","1","2","value","27","3","1","0","0","0","0","","","","1","19420621","1","NYC16","PH5","w","regular","y"
"HOM194206271","gibsj101","HOM","1","2","value","27","4","1","0","0","0","0","","","","1","19420627","1","PIT06","NW2","l","regular","y"
"HOM194206272","gibsj101","HOM","1","2","value","21","2","0","0","0","0","0","","","","1","19420627","2","PIT06","NW2","l","regular","y"
"HOM194206281","gibsj101","HOM","1","2","value","42","","","0","0","0","1","","","","1","19420628","1","WAS09","NW2","l","regular","y"
"HOM194206282","gibsj101","HOM","1","2","value","27","","","0","0","0","0","","","","1","19420628","2","WAS09","NW2","t","regular","y"
"HOM194206290","gibsj101","HOM","1","2","value","27","","","0","","0","1","","","","1","19420629","0","NPN01","NW2","w","exhibition",""
"BLG194207030","gibsj101","HOM","1","2","value","24","","","0","0","0","0","","","","1","19420703","0","BAL14","BLG","l","regular","y"
"PH5194207041","gibsj101","HOM","1","2","value","24","1","1","0","0","0","0","","","","1","19420704","1","PHI17","PH5","l","regular","y"
"PH5194207042","gibsj101","HOM","1","2","value","27","1","0","0","0","0","0","","","","1","19420704","2","PHI17","PH5","w","regular","y"
"HOM194207080","gibsj101","HOM","1","2","value","27","7","0","0","0","0","0","","","","1","19420708","0","SCR01","PH5","w","exhibition","y"
"PH5194207110","gibsj101","HOM","1","2","value","24","4","0","0","0","0","0","","","","1","19420711","0","PHI17","PH5","l","regular","y"
"PH5194207121","gibsj101","HOM","1","2","value","24","1","0","0","0","0","0","","","","1","19420712","1","PHI17","PH5","l","regular","y"
"PH5194207122","gibsj101","HOM","1","2","value","21","","","0","0","0","0","","","","1","19420712","2","PHI17","PH5","w","regular","y"
"CCB194207140","gibsj101","HOM","1","2","value","27","","","0","","0","","","","","1","19420714","0","COL05","CCB","w","exhibition",""
"CCB194207150","gibsj101","HOM","1","2","value","36","","","0","0","0","0","","","","1","19420715","0","IND10","CCB","w","exhibition","y"
"CCB194207160","gibsj101","HOM","1","2","value","27","6","1","1","0","0","0","","","","","19420716","0","MUN02","CCB","w","exhibition","y"
"CCB194207170","gibsj101","HOM","1","2","value","27","","","0","","0","","","","","1","19420717","0","DAY03","CCB","w","exhibition",""
"CCB194207180","gibsj101","HOM","1","7","value","27","5","0","0","0","0","","","","","1","19420718","0","AKR01","CCB","w","exhibition","y"
"CCB194207191","gibsj101","HOM","1","2","value","27","","","0","0","0","0","","","","1","19420719","1","CLE06","CCB","w","exhibition","y"
"CCB194207200","gibsj101","HOM","1","2","value","27","6","0","0","0","0","0","","","","1","19420720","0","YOU01","CCB","w","exhibition","y"
"HOM194207210","gibsj101","HOM","1","2","value","33","10","0","0","0","0","0","","","","1","19420721","0","PIT06","KCM","w","exhibition","y"
"HOM194207251","gibsj101","HOM","1","2","value","27","6","0","0","0","0","0","","","","1","19420725","1","PIT06","CCB","w","exhibition","y"
"HOM194207261","gibsj101","HOM","1","2","value","27","3","0","0","0","0","0","","","","1","19420726","1","WAS09","BLG","w","regular","y"
"HOM194207262","gibsj101","HOM","1","2","value","21","4","0","0","0","0","0","","","","1","19420726","2","WAS09","BLG","w","regular","y"
"HOM194207270","gibsj101","HOM","1","2","value","27","","","0","","0","","","","","1","19420727","0","NOR02","PH5","l","exhibition",""
"HOM194207280","gibsj101","HOM","1","2","value","27","","","0","","0","","","","","1","19420728","0","NOR02","PH5","w","exhibition",""
"HOM194207290","gibsj101","HOM","1","3","value","18","","","0","","0","0","","","","","19420729","0","NPN01","PH5","w","exhibition",""
"HOM194208021","gibsj101","HOM","1","2","value","27","5","2","1","1","0","1","","","","1","19420802","1","WAS09","BIR","l","exhibition","y"
"HOM194208022","gibsj101","HOM","1","2","value","21","4","0","0","0","0","0","","","","1","19420802","2","WAS09","BIR","w","exhibition","y"
"BLG194208070","gibsj101","HOM","1","2","value","27","","","1","0","0","0","","","","1","19420807","0","BAL14","BLG","w","regular","y"
"CCB194208110","gibsj101","HOM","1","2","value","27","","","0","","0","","","","","1","19420811","0","CIN07","CCB","w","exhibition",""
"HOM194208130","gibsj101","HOM","1","2","value","36","10","0","1","0","0","1","","","","1","19420813","0","WAS09","KCM","w","exhibition","y"
"ASW194208160","gibsj101","ASE","1","2","value","27","10","0","0","0","0","0","0","0","0","1","19420816","0","CHI10","ASW","w","allstar","y"
"ASW194208180","gibsj101","ASE","1","2","value","27","13","2","1","0","0","0","0","0","2","1","19420818","0","CLE07","ASW","w","allstar","y"
"HOM194208211","gibsj101","HOM","1","2","value","18","3","0","0","0","0","0","","","","1","19420821","1","PIT06","PH5","l","exhibition","y"
"HOM194208212","gibsj101","HOM","1","2","value","","2","1","0","1","0","0","","","","1","19420821","2","WAP01","PH5","w","exhibition","y"
"HOM194208221","gibsj101","HOM","1","2","value","27","5","1","0","0","0","0","","","","1","19420822","1","PIT06","PH5","w","regular","y"
"HOM194208222","gibsj101","HOM","1","2","value","","","","0","","0","","","","","1","19420822","2","PIT06","PH5","w","regular",""
"HOM194208230","gibsj101","HOM","1","2","value","27","5","0","0","0","0","0","","","","1","19420823","0","WAS09","PH5","w","regular","y"
"HOM194208280","gibsj101","HOM","1","2","value","27","","","0","","0","","","","","1","19420828","0","LIM01","PH5","w","exhibition",""
"CAG194208302","gibsj101","HOM","1","2","value","21","8","2","0","1","0","0","0","0","2","1","19420830","2","CHI10","CAG","w","regular","y"
"HOM194208310","gibsj101","HOM","1","2","value","27","","","0","","0","","","","","1","19420831","0","DAY03","PH5","w","exhibition",""
"NW2194209061","gibsj101","HOM","1","2","value","27","10","0","1","0","0","0","","","","1","19420906","1","NYC15","NW2","w","regular","y"
"NW2194209062","gibsj101","HOM","1","2","value","18","","","0","0","0","0","","","","1","19420906","2","NYC15","NW2","l","regular","y"
"NW2194209071","gibsj101","HOM","1","2","value","27","","","0","0","0","0","","","","1","19420907","1","NWK04","NW2","w","regular","y"
"HOM194209080","gibsj101","HOM","1","2","value","27","8","2","1","0","0","0","0","2","0","1","19420908","0","WAS09","KCM","l","championship","y"
"HOM194209100","gibsj101","HOM","1","2","value","27","5","2","0","0","0","0","0","4","0","1","19420910","0","PIT06","KCM","l","championship","y"
"HOM194209131","gibsj101","HOM","1","2","value","27","9","2","1","1","0","0","0","1","0","1","19420913","1","NYC16","KCM","l","championship","y"
"HOM194209132","gibsj101","HOM","1","2","value","21","4","0","1","0","0","0","","","","1","19420913","2","NYC16","KCM","l","regular","y"
"NW2194209141","gibsj101","HOM","1","9","value","18","1","0","0","0","0","","","","","1","19420914","1","HAR02","NW2","l","exhibition","y"
"NW2194209142","gibsj101","HOM","1","9","value","24","0","0","0","0","0","","","","","1","19420914","2","HAR02","NW2","l","exhibition","y"
"BLG194209170","gibsj101","HOM","1","2","value","29","","","0","0","0","0","","","","1","19420917","0","BAL14","BLG","l","exhibition","y"
"KCM194209200","gibsj101","HOM","1","2","value","27","13","1","0","0","0","0","0","0","1","1","19420920","0","KAN05","KCM","w","championship","y"
"HOM194209230","gibsj101","HOM","1","2","value","27","","","0","","0","","","","","1","19420923","0","DAY03","NY5","w","exhibition",""
"HOM194209290","gibsj101","HOM","1","2","value","9","3","0","0","0","0","1","0","1","0","1","19420929","0","PHI11","KCM","l","championship","y"
"HOM194304251","gibsj101","HOM","1","2","value","27","","","0","0","0","0","","","","1","19430425","1","WAS09","NW2","w","exhibition","y"
"HOM194304252","gibsj101","HOM","1","7","value","","","","0","0","0","","","","","","19430425","2","WAS09","NW2","w","exhibition","y"
"HOM194305040","gibsj101","HOM","1","2","value","27","","","0","","0","","","","","1","19430504","0","DAY03","BLG","l","exhibition",""
"NW2194305090","gibsj101","HOM","1","2","value","30","","","0","0","0","0","","","","1","19430509","0","NWK04","NW2","w","exhibition","y"
"HOM194305100","gibsj101","HOM","1","2","value","27","9","0","0","0","0","0","","","","1","19430510","0","RIC04","NW2","w","exhibition","y"
"NW2194305110","gibsj101","HOM","1","2","value","27","","","0","","0","","","","","","19430511","0","NOR02","NW2","w","exhibition",""
"NW2194305120","gibsj101","HOM","1","2","value","24","","","0","","0","","","","","","19430512","0","NOR02","NW2","l","exhibition",""
"HOM194305161","gibsj101","HOM","1","2","value","27","8","1","0","0","0","0","","","","1","19430516","1","WAS09","BLG","w","regular","y"
"HOM194305162","gibsj101","HOM","1","2","value","21","","","1","0","0","0","","","","1","19430516","2","WAS09","BLG","w","regular","y"
"HOM194305180","gibsj101","HOM","1","9","value","27","","","0","","0","0","","","","","19430518","0","NPN01","BLG","w","regular",""
"BLG194305190","gibsj101","HOM","1","9","value","24","","","0","","0","0","","","","1","19430519","0","POR01","BLG","t","regular",""
"HOM194305200","gibsj101","HOM","1","2","value","27","4","1","0","0","0","0","","","","1","19430520","0","WAS09","NW2","w","regular","y"
"PH5194305220","gibsj101","HOM","1","2","value","27","3","0","0","0","0","0","","","","1","19430522","0","PHI17","PH5","w","regular","y"
"HOM194305231","gibsj101","HOM","1","2","value","27","3","0","0","0","0","0","","","","1","19430523","1","WAS09","PH5","w","regular","y"
"HOM194305232","gibsj101","HOM","1","9","value","21","2","0","0","0","0","","","","","1","19430523","2","WAS09","PH5","w","regular","y"
"HSL194305290","gibsj101","HOM","1","2","value","27","6","0","0","0","0","0","","","","1","19430529","0","HRB01","HSL","w","regular","y"
"BLG194305301","gibsj101","HOM","1","2","value","24","","","0","0","0","0","","","","1","19430530","1","BAL14","BLG","l","regular","y"
"BLG194305302","gibsj101","HOM","1","2","value","18","","","1","0","0","0","","","","1","19430530","2","BAL14","BLG","l","regular","y"
"HOM194305310","gibsj101","HOM","1","9","value","27","2","0","0","0","0","","","","","1","19430531","0","WAS09","BLG","w","regular","y"
"NY6194306010","gibsj101","HOM","1","9","value","27","","","0","","0","0","","","","1","19430601","0","NOR02","NY6","w","regular",""
"PH5194306050","gibsj101","HOM","1","2","value","24","4","2","0","0","0","0","","","","1","19430605","0","PHI17","PH5","l","regular","y"
"HOM194306080","gibsj101","HOM","1","2","value","21","","","0","","0","","","","","","19430608","0","COL05","NY6","l","regular",""
"HOM194306090","gibsj101","HOM","1","2","value","27","","","0","","0","","","","","1","19430609","0","TOL05","NY6","w","regular",""
"HOM194306121","gibsj101","HOM","1","2","value","27","5","1","0","0","0","0","","","","1","19430612","1","PIT06","NY6","w","regular","y"
"HOM194306122","gibsj101","HOM","1","2","value","21","2","0","0","0","0","0","","","","1","19430612","2","PIT06","NY6","w","regular","y"
"HOM194306131","gibsj101","HOM","1","9","value","","2","0","0","0","0","","","","","1","19430613","1","WAS09","NY6","l","regular","y"
"HOM194306131","gibsj101","HOM","2","2","value","","","","0","0","0","0","","","","1","19430613","1","WAS09","NY6","l","regular","y"
"HOM194306132","gibsj101","HOM","1","2","value","21","4","0","0","0","0","0","","","","1","19430613","2","WAS09","NY6","w","regular","y"
"HOM194306170","gibsj101","HOM","1","2","value","19","3","0","0","0","0","0","","","","1","19430617","0","WAS09","KCM","l","exhibition","y"
"PH5194306190","gibsj101","HOM","1","9","value","27","2","1","0","0","0","","","","","1","19430619","0","PHI17","PH5","w","regular","y"
"HOM194306201","gibsj101","HOM","1","2","value","27","5","1","0","0","0","0","","","","1","19430620","1","WAS09","KCM","w","exhibition","y"
"HOM194306202","gibsj101","HOM","1","2","value","21","3","0","0","0","0","0","","","","1","19430620","2","WAS09","KCM","w","exhibition","y"
"HOM194306230","gibsj101","HOM","1","2","value","27","2","0","1","0","0","0","","","","1","19430623","0","PIT06","KCM","w","exhibition","y"
"HOM194306240","gibsj101","HOM","1","7","value","27","3","0","0","0","0","","","","","1","19430624","0","WAS09","HSL","w","regular","y"
"HOM194306240","gibsj101","HOM","2","2","value","6","","","0","0","0","0","","","","1","19430624","0","WAS09","HSL","w","regular","y"
"PH5194306260","gibsj101","HOM","1","2","value","27","5","1","0","0","0","0","","","","1","19430626","0","PHI17","PH5","w","regular","y"
"NW2194306271","gibsj101","HOM","1","2","value","27","","","0","0","0","0","","","","1","19430627","1","NWK04","NW2","w","regular","y"
"NW2194306280","gibsj101","HOM","1","5","value","27","","","0","","0","0","","","","","19430628","0","RIC04","NW2","w","regular",""
"HOM194306300","gibsj101","HOM","1","2","value","27","","","1","","0","","","","","1","19430630","0","NOR02","NW2","l","regular",""
"NW2194307020","gibsj101","HOM","1","2","value","27","10","0","0","0","0","0","","","","1","19430702","0","RIC04","NW2","w","regular","y"
"HOM194307041","gibsj101","HOM","1","2","value","27","7","0","0","0","0","0","","","","1","19430704","1","WAS09","NW2","w","regular","y"
"HOM194307042","gibsj101","HOM","1","2","value","21","8","0","0","0","0","0","","","","1","19430704","2","WAS09","NW2","w","regular","y"
"HOM194307080","gibsj101","HOM","1","9","value","27","","","0","","0","0","","","","","19430708","0","HAM02","CVB","w","exhibition",""
"HOM194307101","gibsj101","HOM","1","9","value","27","3","0","1","0","0","","","","","1","19430710","1","PIT06","CVB","w","exhibition","y"
"HOM194307102","gibsj101","HOM","1","9","value","15","1","0","0","0","0","","","","","1","19430710","2","PIT06","CVB","l","exhibition","y"
"HOM194307111","gibsj101","HOM","1","2","value","27","6","1","0","0","0","0","","","","1","19430711","1","WAS09","CVB","w","exhibition","y"
"HOM194307112","gibsj101","HOM","1","2","value","21","4","2","0","0","0","0","","","","1","19430711","2","WAS09","CVB","w","exhibition","y"
"HOM194307140","gibsj101","HOM","1","2","value","27","4","1","1","0","0","1","","","","1","19430714","0","WAS09","HSL","w","regular","y"
"CVB194307181","gibsj101","HOM","1","2","value","27","3","0","0","0","0","0","","","","1","19430718","1","CLE06","CVB","w","exhibition","y"
"CVB194307182","gibsj101","HOM","1","9","value","18","8","0","0","0","0","","","","","1","19430718","2","CLE06","CVB","w","exhibition","y"
"CVB194307182","gibsj101","HOM","2","2","value","3","","","0","0","0","0","","","","1","19430718","2","CLE06","CVB","w","exhibition","y"
"CVB194307190","gibsj101","HOM","1","9","value","18","2","1","0","0","0","","","","","1","19430719","0","ERI01","CVB","l","exhibition","y"
"CVB194307190","gibsj101","HOM","2","2","value","6","","","0","0","0","0","","","","1","19430719","0","ERI01","CVB","l","exhibition","y"
"CVB194307220","gibsj101","HOM","1","2","value","24","","","0","","0","","","","","1","19430722","0","DAY03","CVB","l","exhibition",""
"CVB194307230","gibsj101","HOM","1","2","value","21","","","0","","0","","","","","","19430723","0","COL05","CVB","w","exhibition",""
"PH5194307240","gibsj101","HOM","1","2","value","27","8","1","0","0","0","0","","","","1","19430724","0","PHI17","PH5","w","regular","y"
"PH5194307252","gibsj101","HOM","1","2","value","27","6","0","0","0","0","0","","","","1","19430725","2","NYC14","PH5","w","regular","y"
"ASW194308010","gibsj101","ASE","1","2","value","24","6","1","0","1","0","0","0","2","0","1","19430801","0","CHI10","ASW","l","allstar","y"
"HOM194308071","gibsj101","HOM","1","2","value","27","4","2","0","0","0","0","","","","1","19430807","1","PIT06","NW2","w","regular","y"
"HOM194308081","gibsj101","HOM","1","2","value","27","6","2","0","0","0","1","","","","1","19430808","1","WAS09","NW2","w","regular","y"
"HOM194308082","gibsj101","HOM","1","2","value","21","3","0","0","0","0","0","","","","1","19430808","2","WAS09","NW2","l","regular","y"
"HOM194308100","gibsj101","HOM","1","2","value","27","4","1","0","0","0","0","","","","1","19430810","0","WAS09","KCM","l","exhibition","y"
"HOM194308140","gibsj101","HOM","1","2","value","27","6","0","1","0","0","0","","","","1","19430814","0","WAS09","NY6","w","regular","y"
"HOM194308151","gibsj101","HOM","1","2","value","27","3","1","0","0","0","0","","","","1","19430815","1","WAS09","NY6","l","regular","y"
"HOM194308152","gibsj101","HOM","1","2","value","21","6","0","0","0","0","0","","","","1","19430815","2","WAS09","NY6","w","regular","y"
"HOM194308211","gibsj101","HOM","1","2","value","27","2","0","0","0","0","0","","","","1","19430821","1","PIT06","BLG","w","regular","y"
"HOM194308212","gibsj101","HOM","1","2","value","24","5","0","0","0","0","0","","","","1","19430821","2","PIT06","BLG","w","regular","y"
"HOM194308221","gibsj101","HOM","1","2","value","27","5","1","0","0","0","0","","","","1","19430822","1","WAS09","BLG","w","regular","y"
"HOM194308222","gibsj101","HOM","1","2","value","21","5","0","0","0","0","1","","","","1","19430822","2","WAS09","BLG","w","regular","y"
"HOM194308230","gibsj101","HOM","1","2","value","27","11","0","0","0","0","0","","","","1","19430823","0","WAS09","NY5","w","regular","y"
"HOM194308270","gibsj101","HOM","1","2","value","27","","","0","","0","","","","","1","19430827","0","IND10","CVB","w","exhibition",""
"KCM194308290","gibsj101","HOM","1","2","value","27","9","1","0","0","0","1","","","","1","19430829","0","CHI11","KCM","w","exhibition","y"
"HOM194309020","gibsj101","HOM","1","2","value","27","5","1","0","0","0","0","","","","1","19430902","0","WAS09","PH5","l","regular","y"
"HOM194309051","gibsj101","HOM","1","2","value","27","6","0","0","0","0","1","","","","1","19430905","1","WAS09","KCM","w","exhibition","y"
"HOM194309052","gibsj101","HOM","1","2","value","","4","0","0","0","0","0","","","","1","19430905","2","WAS09","KCM","w","exhibition","y"
"HOM194309060","gibsj101","HOM","1","2","value","18","3","1","1","1","0","0","","","","1","19430906","0","WAS09","BIR","w","exhibition","y"
"HOM194309070","gibsj101","HOM","1","2","value","27","3","1","0","0","0","0","","","","1","19430907","0","PIT06","BIR","w","exhibition","y"
"HOM194309080","gibsj101","HOM","1","2","value","27","8","1","0","0","0","0","","","","1","19430908","0","PHI11","KCM","w","exhibition","y"
"SAS194309090","gibsj101","SAS","1","2","value","27","3","2","0","1","0","0","","","","1","19430909","0","WAS09","NAS","w","allstar","y"
"HOM194309121","gibsj101","HOM","1","2","value","30","2","0","0","0","0","1","","","","1","19430912","1","WAS09","PH5","w","exhibition","y"
"HOM194309122","gibsj101","HOM","1","2","value","21","3","0","0","0","0","0","","","","1","19430912","2","WAS09","PH5","w","exhibition","y"
"NNS194309180","gibsj101","HOM","1","2","value","27","12","0","0","0","0","0","","","","1","19430918","0","PHI17","NNS","w","exhibition","y"
"NNS194309191","gibsj101","HOM","1","2","value","24","2","0","0","0","0","0","","","","1","19430919","1","PHI17","NNS","l","exhibition","y"
"NNS194309192","gibsj101","HOM","1","2","value","21","4","0","0","0","0","0","","","","1","19430919","2","PHI17","NNS","w","exhibition","y"
"HOM194309210","gibsj101","HOM","1","2","value","27","11","1","2","0","0","1","0","2","1","1","19430921","0","WAS09","BIR","l","championship","y"
"HOM194309230","gibsj101","HOM","1","2","value","36","9","0","1","0","0","0","0","0","0","1","19430923","0","BAL14","BIR","t","championship","y"
"BIR194309260","gibsj101","HOM","1","2","value","27","5","1","0","0","0","0","0","1","1","1","19430926","0","CHI10","BIR","w","championship","y"
"BIR194309280","gibsj101","HOM","1","2","value","24","","","0","","0","","","","","1","19430928","0","COL05","BIR","l","championship",""
"BIR194309290","gibsj101","HOM","1","2","value","27","4","1","1","1","0","0","","","","1","19430929","0","IND10","BIR","w","championship","y"
"BIR194310030","gibsj101","HOM","1","2","value","32","10","3","0","0","0","0","0","0","1","1","19431003","0","BIR01","BIR","l","championship","y"
"BIR194310050","gibsj101","HOM","1","2","value","27","9","2","1","0","0","0","0","1","0","1","19431005","0","MTG01","BIR","w","championship","y"
"BIR194310070","gibsj101","HOM","1","2","value","","2","0","0","0","0","1","","","","","19431007","0","BIR01","BIR","l","regular","y"
"BIR194310100","gibsj101","HOM","1","2","value","27","3","1","0","0","0","0","","","","1","19431010","0","BIR01","BIR","w","regular","y"
"HOM194404231","gibsj101","HOM","1","2","value","27","","","0","0","0","0","","","","1","19440423","1","WAS09","NW2","w","exhibition","y"
"HOM194404250","gibsj101","HOM","1","2","value","27","","","0","","0","","","","","1","19440425","0","GRE03","NW2","w","exhibition",""
"NY5194404301","gibsj101","HOM","1","2","value","27","","","0","0","0","0","","","","1","19440430","1","NYC16","NY5","w","exhibition","y"
"NY5194404302","gibsj101","HOM","1","2","value","21","","","0","","0","","","","","1","19440430","2","NYC16","NY5","w","exhibition",""
"HOM194405020","gibsj101","HOM","1","2","value","27","","","0","","0","","","","","1","19440502","0","DAY03","CVB","w","exhibition",""
"HOM194405030","gibsj101","HOM","1","2","value","27","","","0","","0","","","","","1","19440503","0","DAY03","CVB","l","exhibition",""
"HOM194405071","gibsj101","HOM","1","2","value","27","5","0","0","0","0","0","","","","1","19440507","1","WAS09","NY5","w","regular","y"
"HOM194405072","gibsj101","HOM","1","2","value","21","","","0","","0","","","","","1","19440507","2","WAS09","NY5","w","regular",""
"BLG194405130","gibsj101","HOM","1","2","value","27","1","1","0","0","0","0","","","","1","19440513","0","HRB01","BLG","w","regular","y"
"BLG194405141","gibsj101","HOM","1","2","value","24","","","0","0","0","0","","","","1","19440514","1","BAL14","BLG","l","regular","y"
"BLG194405142","gibsj101","HOM","1","2","value","21","","","0","","0","","","","","1","19440514","2","BAL14","BLG","w","regular",""
"NW2194405211","gibsj101","HOM","1","2","value","27","2","0","0","0","0","0","","","","1","19440521","1","NYC15","NW2","w","regular","y"
"NW2194405212","gibsj101","HOM","1","2","value","27","4","1","0","0","0","0","","","","1","19440521","2","NYC15","NW2","w","regular","y"
"HOM194406020","gibsj101","HOM","1","2","value","","6","0","1","0","0","2","","","","1","19440602","0","WAS09","NY6","l","regular","y"
"HOM194406031","gibsj101","HOM","1","2","value","27","5","0","0","0","0","0","","","","1","19440603","1","PIT06","NY6","w","regular","y"
"HOM194406032","gibsj101","HOM","1","2","value","27","","","0","","0","","","","","1","19440603","2","PIT06","NY6","w","regular",""
"HOM194406041","gibsj101","HOM","1","2","value","27","","","0","0","0","0","","","","1","19440604","1","WAS09","NY6","w","regular","y"
"HOM194406042","gibsj101","HOM","1","2","value","21","","","0","","0","","","","","1","19440604","2","WAS09","NY6","l","regular",""
"HOM194406080","gibsj101","HOM","1","2","value","30","","","1","0","0","0","","","","1","19440608","0","WAS09","BIR","l","exhibition","y"
"HOM194406111","gibsj101","HOM","1","2","value","27","","","0","","0","","","","","1","19440611","1","WAS09","BIR","w","exhibition",""
"HOM194406112","gibsj101","HOM","1","9","value","24","","","0","0","0","","","","","1","19440611","2","WAS09","BIR","w","exhibition","y"
"HOM194406120","gibsj101","HOM","1","2","value","27","7","0","0","0","0","3","","","","1","19440612","0","HRB01","BIR","w","exhibition","y"
"HOM194406130","gibsj101","HOM","1","2","value","27","","","0","0","0","0","","","","1","19440613","0","PIT06","BIR","w","exhibition","y"
"HOM194406181","gibsj101","HOM","1","2","value","27","1","0","1","0","0","0","","","","1","19440618","1","PIT06","NW2","w","regular","y"
"HOM194406190","gibsj101","HOM","1","2","value","6","1","0","0","0","0","1","","","","","19440619","0","HRB01","NW2","l","regular","y"
"HOM194406200","gibsj101","HOM","1","2","value","27","","","0","","0","","","","","1","19440620","0","WAS09","NW2","l","regular",""
"HOM194406251","gibsj101","HOM","1","2","value","27","5","","0","0","0","0","","","","1","19440625","1","WAS09","KCM","w","exhibition","y"
"HOM194406252","gibsj101","HOM","1","2","value","21","","","0","","0","","","","","1","19440625","2","WAS09","KCM","l","exhibition",""
"HOM194406260","gibsj101","HOM","1","2","value","27","","","0","","0","1","","","","1","19440626","0","WAS09","KCM","w","exhibition",""
"HOM194406270","gibsj101","HOM","1","2","value","27","7","0","0","0","0","0","","","","1","19440627","0","HRB01","BLG","w","regular","y"
"HOM194406290","gibsj101","HOM","1","9","value","27","","","0","","0","0","","","","1","19440629","0","NOR02","KCM","w","exhibition",""
"NW2194407021","gibsj101","HOM","1","2","value","28","","","0","0","0","0","","","","1","19440702","1","NWK04","NW2","l","regular","y"
"NW2194407022","gibsj101","HOM","1","2","value","21","","","0","","0","","","","","1","19440702","2","NWK04","NW2","w","regular",""
"HOM194407042","gibsj101","HOM","1","2","value","27","","","0","0","0","1","","","","1","19440704","2","WAS09","BLG","l","regular","y"
"HOM194407110","gibsj101","HOM","1","2","value","27","3","1","0","0","0","0","","","","1","19440711","0","ALT02","NY6","l","regular","y"
"HOM194407120","gibsj101","HOM","1","2","value","27","4","0","0","0","0","1","","","","1","19440712","0","HRB01","NY6","w","regular","y"
"BLG194407140","gibsj101","HOM","1","2","value","3","2","0","0","0","0","0","","","","1","19440714","0","BAL14","BLG","w","regular","y"
"NY6194407160","gibsj101","HOM","1","2","value","24","5","1","0","0","0","1","","","","1","19440716","0","NYC14","NY6","t","regular","y"
"BLG194407181","gibsj101","HOM","1","2","value","27","4","0","0","0","0","0","0","0","0","1","19440718","1","PHI11","BLG","w","regular","y"
"PH5194407182","gibsj101","HOM","1","9","value","18","0","0","0","0","0","","","","","0","19440718","2","PHI11","PH5","t","regular","y"
"HOM194407210","gibsj101","HOM","1","2","value","27","","","0","","0","","","","","1","19440721","0","NOR02","NY6","l","regular",""
"HOM194407231","gibsj101","HOM","1","2","value","27","","","1","0","0","0","","","","1","19440723","1","WAS09","NW2","w","regular","y"
"HOM194407232","gibsj101","HOM","1","2","value","24","","","0","0","0","0","","","","1","19440723","2","WAS09","NW2","l","regular","y"
"HOM194407270","gibsj101","HOM","1","3","value","9","","","0","0","0","","","","","","19440727","0","WAS09","PH5","l","regular","y"
"HOM194407301","gibsj101","HOM","1","2","value","27","","","0","0","0","0","","","","1","19440730","1","WAS09","NY5","w","regular","y"
"HOM194407302","gibsj101","HOM","1","2","value","21","","","0","0","0","0","","","","1","19440730","2","WAS09","NY5","w","regular","y"
"HOM194407310","gibsj101","HOM","1","9","value","27","2","0","0","0","0","","","","","1","19440731","0","ALT02","NY5","w","regular","y"
"HOM194408010","gibsj101","HOM","1","2","value","27","2","0","0","0","0","0","","","","1","19440801","0","PIT06","NY5","w","regular","y"
"HOM194408030","gibsj101","HOM","1","2","value","27","","","0","","0","","","","","1","19440803","0","WAS09","BLG","w","regular",""
"HOM194408061","gibsj101","HOM","1","2","value","27","","","0","0","0","0","","","","1","19440806","1","WAS09","PH5","w","regular","y"
"HOM194408062","gibsj101","HOM","1","2","value","21","","","0","0","0","0","","","","1","19440806","2","WAS09","PH5","w","regular","y"
"HOM194408071","gibsj101","HOM","1","2","value","27","2","0","0","0","0","0","0","0","0","1","19440807","1","PHI11","NY6","l","regular","y"
"PH5194408072","gibsj101","HOM","1","9","value","26","0","0","0","0","0","","","","","1","19440807","2","PHI11","PH5","l","regular","y"
"HOM194408080","gibsj101","HOM","1","2","value","27","5","1","0","0","0","1","","","","1","19440808","0","ALT02","BLG","w","regular","y"
"HOM194408090","gibsj101","HOM","1","2","value","27","","","0","","0","","","","","1","19440809","0","COL05","BLG","w","regular",""
"HOM194408100","gibsj101","HOM","1","2","value","27","","","0","","0","","","","","1","19440810","0","DAY03","BLG","w","regular",""
"ASW194408130","gibsj101","ASE","1","2","value","24","3","2","0","0","0","0","0","1","0","1","19440813","0","CHI10","ASW","l","allstar","y"
"NW2194408180","gibsj101","HOM","1","2","value","27","9","0","0","0","0","0","","","","1","19440818","0","NWK04","NW2","w","regular","y"
"PH5194408190","gibsj101","HOM","1","2","value","24","6","0","0","0","0","1","","","","1","19440819","0","PHI17","PH5","l","regular","y"
"BLG194408250","gibsj101","HOM","1","2","value","27","","","0","0","0","0","","","","1","19440825","0","BAL14","BLG","w","regular","y"
"HOM194408260","gibsj101","HOM","1","9","value","10","0","0","0","0","0","","","","","","19440826","0","ALT02","NW2","w","regular","y"
"HOM194408271","gibsj101","HOM","1","2","value","27","7","","0","0","0","0","","","","1","19440827","1","PIT06","NW2","w","regular","y"
"HOM194408272","gibsj101","HOM","1","2","value","15","","","0","","0","","","","","","19440827","2","PIT06","NW2","w","regular",""
"HOM194409030","gibsj101","HOM","1","9","value","27","","","0","0","0","","","","","1","19440903","0","WAS09","PH5","l","regular","y"
"HOM194409041","gibsj101","HOM","1","2","value","27","","","0","","0","","","","","1","19440904","1","DET04","NY6","l","regular",""
"HOM194409130","gibsj101","HOM","1","2","value","24","3","0","0","0","0","0","","","","1","19440913","0","WAP01","CVB","t","exhibition","y"
"HOM194409140","gibsj101","HOM","1","2","value","27","","","0","0","0","1","","","","1","19440914","0","WAS09","CVB","w","exhibition","y"
"BIR194409170","gibsj101","HOM","1","2","value","27","9","1","0","0","0","0","1","2","0","1","19440917","0","BIR01","BIR","w","championship","y"
"BIR194409190","gibsj101","HOM","1","2","value","27","5","0","0","0","0","1","0","0","0","1","19440919","0","NOL01","BIR","w","championship","y"
"BIR194409210","gibsj101","HOM","1","2","value","27","5","0","0","0","0","0","0","1","0","1","19440921","0","BIR01","BIR","w","championship","y"
"HOM194409230","gibsj101","HOM","1","2","value","27","5","0","0","0","0","0","0","0","0","1","19440923","0","PIT06","BIR","l","championship","y"
"HOM194409240","gibsj101","HOM","1","2","value","27","6","1","0","0","0","0","1","0","1","1","19440924","0","WAS09","BIR","w","championship","y"
"HOM194409290","gibsj101","HOM","1","3","value","27","8","0","0","0","0","","","","","1","19440929","0","PHI11","BIR","l","regular","y"
"HOM194409291","gibsj101","HOM","1","3","value","27","8","0","0","","0","0","","","","1","19440929","1","PHI11","BIR","l","exhibition","y"
"PH5194409292","gibsj101","HOM","1","2","value","18","4","0","0","0","0","0","","","","1","19440929","2","PHI11","PH5","w","exhibition","y"
"HOM194410011","gibsj101","HOM","1","2","value","27","6","0","0","0","0","0","","","","1","19441001","1","NYC16","BIR","w","regular","y"
"HOM194410012","gibsj101","HOM","1","2","value","27","5","1","0","0","0","0","","","","1","19441001","2","NYC16","BIR","w","regular","y"
"NY5194505060","gibsj101","HOM","1","2","value","27","","","0","","0","","","","","1","19450506","0","NYC16","NY5","w","regular",""
"HOM194505120","gibsj101","HOM","1","2","value","27","2","0","0","0","0","0","","","","1","19450512","0","PIT06","NY5","l","regular","y"
"HOM194505131","gibsj101","HOM","1","2","value","27","5","1","0","0","0","0","","","","1","19450513","1","WAS09","NY5","w","regular","y"
"HOM194505132","gibsj101","HOM","1","2","value","21","","","0","","0","","","","","1","19450513","2","WAS09","NY5","w","regular",""
"HOM194505201","gibsj101","HOM","1","2","value","27","8","1","0","0","0","0","","","","1","19450520","1","WAS09","NY6","w","regular","y"
"HOM194505202","gibsj101","HOM","1","2","value","21","","","0","","0","","","","","1","19450520","2","WAS09","NY6","w","regular",""
"PH5194505210","gibsj101","HOM","1","2","value","27","9","2","0","0","0","0","","","","1","19450521","0","PHI11","PH5","w","regular","y"
"NY6194505230","gibsj101","HOM","1","2","value","27","","","0","0","0","1","","","","1","19450523","0","NYC14","NY6","w","regular","y"
"BLG194505250","gibsj101","HOM","1","2","value","27","","","0","0","0","0","","","","1","19450525","0","BAL14","BLG","w","regular","y"
"BLG194505280","gibsj101","HOM","1","2","value","27","","","0","0","0","0","","","","1","19450528","0","BAL14","BLG","w","regular","y"
"NY6194505301","gibsj101","HOM","1","2","value","27","","","0","","0","","","","","1","19450530","1","NYC14","NY6","w","regular",""
"NY6194505302","gibsj101","HOM","1","2","value","27","","","0","","0","","","","","1","19450530","2","NYC14","NY6","w","regular",""
"HOM194506031","gibsj101","HOM","1","2","value","27","7","1","0","0","0","0","","","","1","19450603","1","DET04","BLG","w","regular","y"
"HOM194506032","gibsj101","HOM","1","2","value","18","4","0","0","0","0","1","","","","1","19450603","2","DET04","BLG","w","regular","y"
"HOM194506101","gibsj101","HOM","1","2","value","27","","","0","0","0","1","","","","1","19450610","1","WAS09","NW2","w","regular","y"
"HOM194506102","gibsj101","HOM","1","2","value","21","","","0","","0","","","","","1","19450610","2","WAS09","NW2","w","regular",""
"HOM194506140","gibsj101","HOM","1","2","value","27","","","0","0","0","0","","","","1","19450614","0","WAS09","PH5","l","regular","y"
"BLG194506150","gibsj101","HOM","1","2","value","30","","","0","","0","","","","","1","19450615","0","BAL14","BLG","t","regular",""
"PH5194506160","gibsj101","HOM","1","2","value","27","5","2","1","0","0","0","","","","1","19450616","0","PHI17","PH5","w","regular","y"
"BLG194506220","gibsj101","HOM","1","2","value","27","","","0","0","0","0","","","","1","19450622","0","BAL14","BLG","w","regular","y"
"HOM194506241","gibsj101","HOM","1","2","value","27","","","0","0","0","1","","","","1","19450624","1","WAS09","KCM","w","exhibition","y"
"HOM194506242","gibsj101","HOM","1","2","value","","","","0","","0","","","","","1","19450624","2","WAS09","KCM","w","exhibition",""
"HOM194506260","gibsj101","HOM","1","2","value","27","1","0","0","0","0","0","","","","1","19450626","0","PIT06","KCM","l","exhibition","y"
"PH5194506300","gibsj101","HOM","1","2","value","27","8","0","0","0","0","0","","","","1","19450630","0","PHI17","PH5","w","regular","y"
"HOM194507011","gibsj101","HOM","1","2","value","27","","","0","0","0","0","","","","1","19450701","1","WAS09","BLG","w","regular","y"
"HOM194507041","gibsj101","HOM","1","9","value","27","1","0","0","0","0","","","","","1","19450704","1","PIT06","NY6","l","regular","y"
"HOM194507042","gibsj101","HOM","1","2","value","21","","","0","","0","","","","","1","19450704","2","PIT06","NY6","l","regular",""
"HOM194507081","gibsj101","HOM","1","2","value","27","5","0","0","0","0","0","","","","1","19450708","1","WAS09","PH5","w","regular","y"
"HOM194507082","gibsj101","HOM","1","2","value","21","","","0","","0","","","","","1","19450708","2","WAS09","PH5","w","regular",""
"HOM194507100","gibsj101","HOM","1","2","value","27","5","0","0","0","0","0","","","","1","19450710","0","PIT06","NY5","w","regular","y"
"HOM194507120","gibsj101","HOM","1","2","value","27","6","0","0","1","0","1","","","","1","19450712","0","HRB01","NY5","w","regular","y"
"BLG194507200","gibsj101","HOM","1","2","value","28","","","0","0","0","2","","","","1","19450720","0","BAL14","BLG","l","regular","y"
"NY6194507230","gibsj101","HOM","1","2","value","27","9","1","0","0","0","0","","","","1","19450723","0","NYC23","NY6","w","regular","y"
"HOM194507240","gibsj101","HOM","1","2","value","9","1","0","0","0","0","1","","","","","19450724","0","WIL04","BLG","w","regular","y"
"HOM194507251","gibsj101","HOM","1","2","value","27","5","1","0","0","0","0","","","","1","19450725","1","PHI11","BLG","l","regular","y"
"HOM194507260","gibsj101","HOM","1","2","value","27","3","1","0","0","0","0","","","","1","19450726","0","WAS09","PH5","l","regular","y"
"HOM194508071","gibsj101","HOM","1","2","value","27","4","0","0","0","0","0","","","","1","19450807","1","PHI11","KCM","w","exhibition","y"
"HOM194508082","gibsj101","HOM","1","2","value","27","","","0","0","0","0","","","","1","19450808","2","PIT06","KCM","l","exhibition","y"
"HOM194508092","gibsj101","HOM","1","2","value","27","","","0","","0","","","","","1","19450809","2","WAS09","BIR","w","exhibition",""
"BLG194508100","gibsj101","HOM","1","2","value","25","","","0","0","0","0","","","","1","19450810","0","BAL14","BLG","l","regular","y"
"PH5194508110","gibsj101","HOM","1","2","value","24","4","1","0","0","0","0","","","","1","19450811","0","PHI17","PH5","l","regular","y"
"HOM194508121","gibsj101","HOM","1","2","value","27","","","0","0","0","1","","","","1","19450812","1","WAS09","CAG","l","exhibition","y"
"HOM194508122","gibsj101","HOM","1","2","value","21","","","0","0","0","0","","","","1","19450812","2","WAS09","CAG","w","exhibition","y"
"HOM194508191","gibsj101","HOM","1","2","value","27","","","0","0","0","0","","","","1","19450819","1","WAS09","NY6","w","regular","y"
"HOM194508192","gibsj101","HOM","1","2","value","21","","","0","","0","","","","","1","19450819","2","WAS09","NY6","w","regular",""
"HOM194508200","gibsj101","HOM","1","9","value","6","0","0","0","0","0","","","","","","19450820","0","HRB01","NY6","l","regular","y"
"HOM194508261","gibsj101","HOM","1","2","value","30","","","0","0","0","0","","","","1","19450826","1","WAS09","NW2","w","regular","y"
"HOM194508262","gibsj101","HOM","1","2","value","21","","","0","0","0","0","","","","1","19450826","2","WAS09","NW2","w","regular","y"
"HOM194508280","gibsj101","HOM","1","3","value","27","8","2","0","0","0","","","","","1","19450828","0","WIL04","NY6","l","regular","y"
"NY6194508290","gibsj101","HOM","1","2","value","27","3","1","0","0","0","0","","","","1","19450829","0","NYC14","NY6","w","regular","y"
"HOM194509021","gibsj101","HOM","1","2","value","27","2","0","0","0","0","0","","","","1","19450902","1","PIT06","NW2","w","regular","y"
"HOM194509022","gibsj101","HOM","1","2","value","21","","","0","","0","","","","","1","19450902","2","PIT06","NW2","w","regular",""
"HOM194509031","gibsj101","HOM","1","2","value","36","","","0","","0","","","","","1","19450903","1","WAS09","BLG","w","regular",""
"HOM194509080","gibsj101","HOM","1","3","value","27","5","2","1","0","0","","","","","1","19450908","0","PHI17","BIR","l","exhibition","y"
"HOM194509091","gibsj101","HOM","1","2","value","27","","","0","","0","","","","","1","19450909","1","NYC14","BIR","l","exhibition",""
"HOM194509120","gibsj101","HOM","1","2","value","27","","","0","","0","","","","","1","19450912","0","BUF06","NY6","l","regular",""
"CVB194509130","gibsj101","HOM","1","2","value","24","7","0","0","0","0","0","0","0","0","1","19450913","0","CLE07","CVB","l","championship","y"
"CVB194509140","gibsj101","HOM","1","2","value","27","3","1","1","0","0","0","","","","1","19450914","0","DAY03","CVB","w","exhibition","y"
"CVB194509160","gibsj101","HOM","1","2","value","24","5","0","0","0","0","0","2","1","0","1","19450916","0","CLE06","CVB","l","championship","y"
"HOM194509180","gibsj101","HOM","1","2","value","27","5","1","1","0","0","0","0","1","0","1","19450918","0","WAS09","CVB","l","championship","y"
"NY6194509190","gibsj101","HOM","1","2","value","24","12","0","0","0","0","0","","","","1","19450919","0","NYC14","NY6","l","exhibition","y"
"HOM194509201","gibsj101","HOM","1","2","value","27","1","0","0","0","0","0","1","0","0","1","19450920","1","PHI11","CVB","l","championship","y"
"HOM194509220","gibsj101","HOM","1","2","value","27","8","1","0","0","0","0","","","","1","19450922","0","WIL04","CVB","l","exhibition","y"
"HOM194509231","gibsj101","HOM","1","2","value","27","7","0","0","0","0","1","","","","1","19450923","1","NYC16","CVB","w","exhibition","y"
"HOM194509232","gibsj101","HOM","1","2","value","27","","","0","","0","","","","","1","19450923","2","NYC16","CVB","w","exhibition",""
"NY6194509260","gibsj101","HOM","1","2","value","24","12","0","0","0","0","0","","","","1","19450926","0","NYC14","NY6","l","exhibition","y"
"CVB194509280","gibsj101","HOM","1","2","value","27","","","0","","0","","","","","1","19450928","0","DAY03","CVB","w","exhibition",""
"SAS194510070","gibsj101","NAS","1","2","value","27","6","1","0","0","0","0","2","0","0","1","19451007","0","NOL01","SAS","w","allstar","y"
"HOM194604180","gibsj101","HOM","1","2","value","27","","","0","","0","","","","","","19460418","0","GRE03","NY5","w","exhibition",""
"HOM194604210","gibsj101","HOM","1","2","value","27","6","1","0","0","0","1","","","","1","19460421","0","WAS09","NY5","l","exhibition","y"
"NY5194604281","gibsj101","HOM","1","2","value","27","8","0","0","0","0","0","","","","1","19460428","1","NYC16","NY5","w","exhibition","y"
"BLG194605051","gibsj101","HOM","1","2","value","27","6","1","0","0","0","0","","","","1","19460505","1","BAL14","BLG","w","regular","y"
"BLG194605052","gibsj101","HOM","1","2","value","20","1","0","1","0","0","0","","","","1","19460505","2","BAL14","BLG","l","regular","y"
"HOM194605100","gibsj101","HOM","1","2","value","24","4","0","0","0","0","0","","","","1","19460510","0","ALT02","BLG","w","regular","y"
"HOM194605120","gibsj101","HOM","1","2","value","18","4","1","1","0","0","0","","","","1","19460512","0","WAS09","BLG","l","regular","y"
"PH5194605130","gibsj101","HOM","1","2","value","27","3","1","0","0","0","0","","","","1","19460513","0","PHI17","PH5","w","regular","y"
"NW2194605140","gibsj101","HOM","1","2","value","18","","","0","0","0","0","","","","1","19460514","0","NWK04","NW2","t","regular","y"
"HOM194605160","gibsj101","HOM","1","2","value","24","","","0","","0","","","","","1","19460516","0","WAS09","NY6","l","regular",""
"HOM194605191","gibsj101","HOM","1","2","value","27","5","0","0","0","0","0","","","","1","19460519","1","WAS09","PH5","l","regular","y"
"HOM194605192","gibsj101","HOM","1","2","value","21","4","","1","0","0","0","","","","1","19460519","2","WAS09","PH5","w","regular","y"
"HOM194605220","gibsj101","HOM","1","2","value","27","8","2","0","0","0","0","","","","1","19460522","0","PIT06","NY5","w","regular","y"
"HOM194605230","gibsj101","HOM","1","2","value","27","11","6","0","1","0","1","","","","1","19460523","0","WAS09","NY5","w","regular","y"
"HOM194605250","gibsj101","HOM","1","2","value","27","5","0","0","0","0","0","","","","1","19460525","0","WIL04","BLG","w","regular","y"
"NY5194605261","gibsj101","HOM","1","2","value","27","4","2","0","1","0","0","","","","1","19460526","1","NYC16","NY5","w","regular","y"
"HOM194605301","gibsj101","HOM","1","2","value","27","7","1","0","0","0","0","","","","1","19460530","1","WAS09","BLG","l","regular","y"
"BLG194605302","gibsj101","HOM","1","2","value","27","8","0","0","0","0","0","","","","1","19460530","2","BAL14","BLG","w","regular","y"
"NY6194606030","gibsj101","HOM","1","2","value","24","3","1","2","0","0","0","","","","1","19460603","0","NYC23","NY6","l","regular","y"
"PH5194606060","gibsj101","HOM","1","3","value","24","10","0","0","0","0","","","","","1","19460606","0","PHI17","PH5","l","regular","y"
"HOM194606080","gibsj101","HOM","1","2","value","27","8","0","0","0","0","0","","","","1","19460608","0","WIL04","NW2","l","regular","y"
"HOM194606130","gibsj101","HOM","1","2","value","27","","","0","","0","","","","","1","19460613","0","WAS09","NW2","w","regular",""
"HOM194606161","gibsj101","HOM","1","2","value","27","3","1","0","0","0","0","","","","1","19460616","1","WAS09","NY6","l","regular","y"
"HOM194606162","gibsj101","HOM","1","3","value","","6","0","0","0","0","","","","","1","19460616","2","WAS09","NY6","w","regular","y"
"NW2194606180","gibsj101","HOM","1","2","value","24","","","0","0","0","0","","","","1","19460618","0","NWK04","NW2","l","regular","y"
"HOM194606231","gibsj101","HOM","1","2","value","3","0","0","0","0","0","0","","","","","19460623","1","WAS09","PH5","w","regular","y"
"HOM194606232","gibsj101","HOM","1","2","value","21","3","0","0","0","0","0","","","","1","19460623","2","WAS09","PH5","l","regular","y"
"NW2194606250","gibsj101","HOM","1","2","value","24","","","0","0","0","0","","","","1","19460625","0","NWK04","NW2","l","regular","y"
"HOM194606270","gibsj101","HOM","1","2","value","27","","","0","","0","","","","","1","19460627","0","WAS09","NW2","w","regular",""
"NW2194606280","gibsj101","HOM","1","5","value","","","","1","0","0","","","","","1","19460628","0","NWK04","NW2","l","regular","y"
"NW2194606280","gibsj101","HOM","2","2","value","","","","0","0","0","0","","","","1","19460628","0","NWK04","NW2","l","regular","y"
"HOM194606301","gibsj101","HOM","1","2","value","","3","0","0","0","0","0","","","","1","19460630","1","WAS09","NY5","w","regular","y"
"HOM194606302","gibsj101","HOM","1","2","value","","3","1","0","0","0","0","","","","1","19460630","2","WAS09","NY5","w","regular","y"
"HOM194607011","gibsj101","HOM","1","2","value","27","3","0","0","0","0","0","","","","1","19460701","1","PHI11","NY6","w","regular","y"
"HOM194607020","gibsj101","HOM","1","2","value","27","","","0","","0","","","","","1","19460702","0","WAS09","NY6","w","regular",""
"HOM194607041","gibsj101","HOM","1","2","value","27","3","1","0","0","0","0","","","","1","19460704","1","PIT06","NY6","w","regular","y"
"HOM194607042","gibsj101","HOM","1","2","value","21","","","0","","0","","","","","1","19460704","2","PIT06","NY6","l","regular",""
"HOM194607071","gibsj101","HOM","1","2","value","27","5","1","0","0","0","1","","","","1","19460707","1","PIT06","NW2","l","regular","y"
"HOM194607072","gibsj101","HOM","1","2","value","18","","","0","","0","","","","","1","19460707","2","PIT06","NW2","l","regular",""
"CVB194607090","gibsj101","HOM","1","2","value","27","6","1","0","0","0","0","","","","1","19460709","0","STL07","CVB","w","exhibition","y"
"CAG194607211","gibsj101","HOM","1","2","value","27","","","0","","0","","","","","1","19460721","1","CHI10","CAG","w","exhibition",""
"CAG194607212","gibsj101","HOM","1","2","value","21","","","0","","0","","","","","1","19460721","2","CHI10","CAG","w","exhibition",""
"HOM194607260","gibsj101","HOM","1","2","value","27","10","0","0","0","0","0","","","","1","19460726","0","WIL04","NW2","l","regular","y"
"BLG194607270","gibsj101","HOM","1","2","value","27","8","0","1","0","0","0","","","","1","19460727","0","BAL14","BLG","w","regular","y"
"HOM194607281","gibsj101","HOM","1","2","value","27","3","","0","0","0","0","","","","1","19460728","1","WAS09","NW2","w","regular","y"
"HOM194607282","gibsj101","HOM","1","2","value","24","4","","0","0","0","0","","","","1","19460728","2","WAS09","NW2","l","regular","y"
"HOM194608012","gibsj101","HOM","1","2","value","27","","","0","","0","","","","","1","19460801","2","WAS09","MEM","w","exhibition",""
"ASE194608150","gibsj101","ASE","1","2","value","12","0","0","0","0","0","0","0","0","0","1","19460815","0","WAS09","ASW","w","allstar","y"
"ASW194608180","gibsj101","ASE","1","2","value","24","5","4","0","0","0","0","0","3","4","1","19460818","0","CHI10","ASW","l","allstar","y"
"NW2194608252","gibsj101","HOM","1","2","value","","","","0","0","0","0","","","","1","19460825","2","NWK04","NW2","l","regular","y"
"PH5194608301","gibsj101","HOM","1","2","value","24","6","2","0","0","0","0","","","","1","19460830","1","NYC16","PH5","l","regular","y"
"PH5194608310","gibsj101","HOM","1","2","value","24","6","1","0","0","0","0","","","","1","19460831","0","WIL04","PH5","l","regular","y"
"BLG194609011","gibsj101","HOM","1","2","value","24","6","1","0","0","0","0","","","","1","19460901","1","BAL14","BLG","l","regular","y"
"BLG194609012","gibsj101","HOM","1","2","value","18","2","1","0","0","0","0","","","","1","19460901","2","BAL14","BLG","l","regular","y"
"BLG194609021","gibsj101","HOM","1","2","value","27","3","0","0","0","0","0","","","","1","19460902","1","BAL14","BLG","w","regular","y"
"HOM194609022","gibsj101","HOM","1","2","value","","","","0","","0","","","","","1","19460902","2","WAS09","BLG","t","regular",""
"KCM194609050","gibsj101","HOM","1","2","value","24","","","0","","0","","","","","1","19460905","0","IND10","KCM","l","exhibition",""
"KCM194609060","gibsj101","HOM","1","2","value","24","","","0","","0","","","","","1","19460906","0","CIN07","KCM","l","exhibition",""
"HOM194609081","gibsj101","HOM","1","2","value","27","","","0","","0","","","","","1","19460908","1","WAS09","NY5","w","regular",""
"HOM194609082","gibsj101","HOM","1","2","value","21","","","0","","0","","","","","1","19460908","2","WAS09","NY5","w","regular",""
"HOM194609122","gibsj101","HOM","1","2","value","27","","","0","","0","","","","","1","19460912","2","WAS09","IN9","w","exhibition",""
"HOM194609151","gibsj101","HOM","1","2","value","27","3","0","0","0","0","1","","","","1","19460915","1","WAS09","NY6","w","regular","y"
"HOM194609152","gibsj101","HOM","1","2","value","21","0","0","0","0","0","1","","","","1","19460915","2","WAS09","NY6","w","regular","y"
"PH5194609221","gibsj101","HOM","1","2","value","27","","","0","","0","","","","","1","19460922","1","NYC14","PH5","w","exhibition",""
"NY6194609222","gibsj101","HOM","1","2","value","21","7","1","2","0","0","1","","","","1","19460922","2","NYC14","NY6","t","exhibition","y"
"VMA194609300","gibsj101","HOM","1","2","value","24","7","1","0","0","0","0","","","","1","19460930","0","DAY03","VMA","l","exhibition","y"
