"gid","id","team","b_lp","b_seq","stattype","b_ab","b_r","b_h","b_d","b_t","b_hr","b_rbi","b_sh","b_sf","b_hbp","b_w","b_iw","b_k","b_sb","b_cs","b_gdp","b_xi","dh","ph","pr","date","number","site","opp","wl","gametype","box"
"BLG194605051","marql101","BLG","3","1","value","4","1","3","1","0","0","","0","","0","1","","","1","","","0","","","","19460505","1","BAL14","HOM","L","regular",""
"BLG194605051","marql101","BLG","3","1","lower","4","1","3","1","0","0","","0","","0","","","","1","","","0","","","","19460505","1","BAL14","HOM","L","regular",""
"BLG194605051","marql101","BLG","3","1","upper","4","1","3","1","0","0","","0","","0","","","","1","","","0","","","","19460505","1","BAL14","HOM","L","regular",""
"BLG194605052","marql101","BLG","3","1","value","4","3","2","0","0","1","","0","","0","0","0","0","1","","","0","","","","19460505","2","BAL14","HOM","W","regular","y"
"BLG194605052","marql101","BLG","3","1","lower","4","3","2","0","0","1","","0","","0","","","0","1","","","0","","","","19460505","2","BAL14","HOM","W","regular","y"
"BLG194605052","marql101","BLG","3","1","upper","4","3","2","0","0","1","","0","","0","","","0","1","","","0","","","","19460505","2","BAL14","HOM","W","regular","y"
"HOM194605120","marql101","HOM","8","1","value","2","0","1","0","0","0","1","0","","0","0","0","","0","","","0","","","","19460512","0","WAS09","BLG","L","regular","y"
"HOM194605120","marql101","HOM","8","1","lower","2","0","1","0","0","0","1","0","","0","0","0","","0","","","0","","","","19460512","0","WAS09","BLG","L","regular","y"
"HOM194605120","marql101","HOM","8","1","upper","2","0","1","0","0","0","1","0","","0","0","0","","0","","","0","","","","19460512","0","WAS09","BLG","L","regular","y"
"PH5194605130","marql101","HOM","8","1","value","4","1","0","0","0","0","1","0","","0","0","0","","0","","","0","","","","19460513","0","PHI17","PH5","W","regular","y"
"PH5194605130","marql101","HOM","8","1","lower","4","1","0","0","0","0","1","0","","0","","","","0","","","0","","","","19460513","0","PHI17","PH5","W","regular","y"
"PH5194605130","marql101","HOM","8","1","upper","4","1","0","0","0","0","1","0","","0","","","","0","","","0","","","","19460513","0","PHI17","PH5","W","regular","y"
"NW2194605140","marql101","HOM","8","1","value","3","0","1","0","0","0","0","0","","0","0","0","","0","","","0","","","","19460514","0","NWK04","NW2","T","regular","y"
"NW2194605140","marql101","HOM","8","1","lower","3","0","1","0","0","0","0","0","","0","","","","0","","","0","","","","19460514","0","NWK04","NW2","T","regular","y"
"NW2194605140","marql101","HOM","8","1","upper","3","0","1","0","0","0","0","0","","0","","","","0","","","0","","","","19460514","0","NWK04","NW2","T","regular","y"
"HOM194605191","marql101","HOM","8","1","value","4","0","1","0","0","0","1","0","","0","0","0","","0","","","0","","","","19460519","1","WAS09","PH5","L","regular","y"
"HOM194605191","marql101","HOM","8","1","lower","4","0","1","0","0","0","1","0","","0","","","","0","","","0","","","","19460519","1","WAS09","PH5","L","regular","y"
"HOM194605191","marql101","HOM","8","1","upper","4","0","1","0","0","0","1","0","","0","","","","0","","","0","","","","19460519","1","WAS09","PH5","L","regular","y"
"HOM194605192","marql101","HOM","7","1","value","3","1","1","0","0","0","0","0","","0","0","0","","0","","","0","","","","19460519","2","WAS09","PH5","W","regular","y"
"HOM194605192","marql101","HOM","7","1","lower","3","1","1","0","0","0","0","0","","0","","","","0","","","0","","","","19460519","2","WAS09","PH5","W","regular","y"
"HOM194605192","marql101","HOM","7","1","upper","3","1","1","0","0","0","0","0","","0","","","","0","","","0","","","","19460519","2","WAS09","PH5","W","regular","y"
"HOM194605200","marql101","HOM","7","1","value","4","2","2","1","0","0","0","0","","0","0","0","","2","","","0","","","","19460520","0","HRB01","NY5","W","regular","y"
"HOM194605200","marql101","HOM","7","1","lower","4","2","2","1","0","0","0","0","","0","","","","2","","","0","","","","19460520","0","HRB01","NY5","W","regular","y"
"HOM194605200","marql101","HOM","7","1","upper","4","2","2","1","0","0","0","0","","0","","","","2","","","0","","","","19460520","0","HRB01","NY5","W","regular","y"
"HOM194605220","marql101","HOM","8","1","value","4","1","1","0","0","0","","0","","0","0","0","","0","","","0","","","","19460522","0","PIT06","NY5","W","regular","y"
"HOM194605220","marql101","HOM","8","1","lower","","1","1","0","0","0","","0","","0","","","","0","","","0","","","","19460522","0","PIT06","NY5","W","regular","y"
"HOM194605220","marql101","HOM","8","1","upper","","1","1","0","0","0","","0","","0","","","","0","","","0","","","","19460522","0","PIT06","NY5","W","regular","y"
"HOM194605230","marql101","HOM","8","1","value","4","1","1","0","0","0","","0","","0","0","0","","0","","","0","","","","19460523","0","WAS09","NY5","W","regular","y"
"HOM194605230","marql101","HOM","8","1","lower","4","1","1","0","0","0","","0","","0","0","0","","0","","","0","","","","19460523","0","WAS09","NY5","W","regular","y"
"HOM194605230","marql101","HOM","8","1","upper","4","1","1","0","0","0","","0","","0","0","0","","0","","","0","","","","19460523","0","WAS09","NY5","W","regular","y"
"HOM194605250","marql101","HOM","8","1","value","4","2","1","0","0","0","1","0","","0","0","0","","0","","","0","","","","19460525","0","WIL04","BLG","W","regular","y"
"HOM194605250","marql101","HOM","8","1","lower","4","2","1","0","0","0","1","0","","0","","","","0","","","0","","","","19460525","0","WIL04","BLG","W","regular","y"
"HOM194605250","marql101","HOM","8","1","upper","4","2","1","0","0","0","1","0","","0","","","","0","","","0","","","","19460525","0","WIL04","BLG","W","regular","y"
"NY5194605261","marql101","HOM","8","1","value","4","1","1","0","0","0","1","0","","0","0","0","","0","","","0","","","","19460526","1","NYC16","NY5","W","regular","y"
"NY5194605261","marql101","HOM","8","1","lower","4","1","1","0","0","0","1","0","","0","0","0","","0","","","0","","","","19460526","1","NYC16","NY5","W","regular","y"
"NY5194605261","marql101","HOM","8","1","upper","4","1","1","0","0","0","1","0","","0","0","0","","0","","","0","","","","19460526","1","NYC16","NY5","W","regular","y"
"HOM194605301","marql101","HOM","8","1","value","4","1","0","0","0","0","0","0","","0","1","","","0","","","0","","","","19460530","1","WAS09","BLG","L","regular","y"
"HOM194605301","marql101","HOM","8","1","lower","4","1","0","0","0","0","0","0","","0","","","","0","","","0","","","","19460530","1","WAS09","BLG","L","regular","y"
"HOM194605301","marql101","HOM","8","1","upper","4","1","0","0","0","0","0","0","","0","","","","0","","","0","","","","19460530","1","WAS09","BLG","L","regular","y"
"BLG194605302","marql101","HOM","8","1","value","3","1","1","0","0","0","0","0","","0","0","0","","0","","","0","","","","19460530","2","BAL14","BLG","W","regular","y"
"BLG194605302","marql101","HOM","8","1","lower","3","1","1","0","0","0","0","0","","0","","","","0","","","0","","","","19460530","2","BAL14","BLG","W","regular","y"
"BLG194605302","marql101","HOM","8","1","upper","3","1","1","0","0","0","0","0","","0","","","","0","","","0","","","","19460530","2","BAL14","BLG","W","regular","y"
"HOM194606080","marql101","HOM","8","1","value","5","0","4","0","0","0","2","0","","0","0","0","","0","","","0","","","","19460608","0","WIL04","NW2","L","regular","y"
"HOM194606080","marql101","HOM","8","1","lower","5","0","4","0","0","0","2","0","","0","","","","0","","","0","","","","19460608","0","WIL04","NW2","L","regular","y"
"HOM194606080","marql101","HOM","8","1","upper","5","0","4","0","0","0","2","0","","0","","","","0","","","0","","","","19460608","0","WIL04","NW2","L","regular","y"
"HOM194606232","marql101","HOM","8","1","value","3","0","1","0","0","0","0","0","","0","0","0","","0","","","0","","","","19460623","2","WAS09","PH5","L","regular","y"
"HOM194606232","marql101","HOM","8","1","lower","3","0","1","0","0","0","0","0","","0","","","","0","","","0","","","","19460623","2","WAS09","PH5","L","regular","y"
"HOM194606232","marql101","HOM","8","1","upper","3","0","1","0","0","0","0","0","","0","","","","0","","","0","","","","19460623","2","WAS09","PH5","L","regular","y"
"HOM194607041","marql101","HOM","8","1","value","4","0","0","","","","","","","","","","","","","","","","","","19460704","1","PIT06","NY6","W","regular","y"
"HOM194607041","marql101","HOM","8","1","lower","","0","0","","","","","","","","","","","","","","","","","","19460704","1","PIT06","NY6","W","regular","y"
"HOM194607041","marql101","HOM","8","1","upper","","0","0","","","","","","","","","","","","","","","","","","19460704","1","PIT06","NY6","W","regular","y"
"HOM194607071","marql101","HOM","7","1","value","3","1","0","0","0","0","","0","","0","1","","","0","","","0","","","","19460707","1","PIT06","NW2","L","regular","y"
"HOM194607071","marql101","HOM","7","1","lower","","1","0","0","0","0","","0","","0","","","","0","","","0","","","","19460707","1","PIT06","NW2","L","regular","y"
"HOM194607071","marql101","HOM","7","1","upper","","1","0","0","0","0","","0","","0","","","","0","","","0","","","","19460707","1","PIT06","NW2","L","regular","y"
"CVB194607090","marql101","HOM","8","1","value","5","0","1","","","","","","","","0","0","","","","","","","","","19460709","0","STL07","CVB","W","exhibition","y"
"CVB194607090","marql101","HOM","8","1","lower","5","","1","","","","","","","","","","","","","","","","","","19460709","0","STL07","CVB","W","exhibition","y"
"CVB194607090","marql101","HOM","8","1","upper","6","","1","","","","","","","","","","","","","","","","","","19460709","0","STL07","CVB","W","exhibition","y"
"NY6194607141","marql101","HOM","8","1","value","4","0","2","1","0","0","0","0","","0","0","0","","0","","","0","","","","19460714","1","NYC14","NY6","L","regular","y"
"NY6194607141","marql101","HOM","8","1","lower","4","0","2","1","0","0","0","0","","0","","","","0","","","0","","","","19460714","1","NYC14","NY6","L","regular","y"
"NY6194607141","marql101","HOM","8","1","upper","4","0","2","1","0","0","0","0","","0","","","","0","","","0","","","","19460714","1","NYC14","NY6","L","regular","y"
"CAG194607211","marql101","HOM","","","value","","","2","","2","","","","","","","","","","","","","","","","19460721","1","CHI10","CAG","W","exhibition",""
"CAG194607211","marql101","HOM","","","lower","2","","2","","2","","","","","","","","","","","","","","","","19460721","1","CHI10","CAG","W","exhibition",""
"CAG194607211","marql101","HOM","","","upper","2","","","","2","","","","","","","","","","","","","","","","19460721","1","CHI10","CAG","W","exhibition",""
"HOM194607260","marql101","HOM","8","1","value","4","0","0","0","0","0","0","0","","0","0","0","","0","","","0","","","","19460726","0","WIL04","NW2","L","regular","y"
"HOM194607260","marql101","HOM","8","1","lower","4","0","0","0","0","0","0","0","","0","","","","0","","","0","","","","19460726","0","WIL04","NW2","L","regular","y"
"HOM194607260","marql101","HOM","8","1","upper","4","0","0","0","0","0","0","0","","0","","","","0","","","0","","","","19460726","0","WIL04","NW2","L","regular","y"
"BLG194607270","marql101","HOM","8","1","value","3","0","1","0","0","0","","0","","0","1","","","0","","","0","","","","19460727","0","BAL14","BLG","W","regular","y"
"BLG194607270","marql101","HOM","8","1","lower","3","0","1","0","0","0","","0","","0","","","","0","","","0","","","","19460727","0","BAL14","BLG","W","regular","y"
"BLG194607270","marql101","HOM","8","1","upper","3","0","1","0","0","0","","0","","0","","","","0","","","0","","","","19460727","0","BAL14","BLG","W","regular","y"
"HOM194607281","marql101","HOM","8","1","value","3","0","1","1","0","0","0","0","","0","0","0","0","0","","","0","","","","19460728","1","WAS09","NW2","W","regular","y"
"HOM194607281","marql101","HOM","8","1","lower","3","0","1","1","0","0","0","0","","0","0","0","0","0","","","0","","","","19460728","1","WAS09","NW2","W","regular","y"
"HOM194607281","marql101","HOM","8","1","upper","3","0","1","1","0","0","0","0","","0","0","0","0","0","","","0","","","","19460728","1","WAS09","NW2","W","regular","y"
"HOM194607282","marql101","HOM","8","1","value","2","1","0","0","0","0","0","0","","0","1","","","0","","","0","","","","19460728","2","WAS09","NW2","L","regular","y"
"HOM194607282","marql101","HOM","8","1","lower","2","1","0","0","0","0","0","0","","0","","","","0","","","0","","","","19460728","2","WAS09","NW2","L","regular","y"
"HOM194607282","marql101","HOM","8","1","upper","2","1","0","0","0","0","0","0","","0","","","","0","","","0","","","","19460728","2","WAS09","NW2","L","regular","y"
"HOM194608041","marql101","HOM","7","1","value","5","1","2","0","0","0","3","0","","0","0","0","","0","","","0","","","","19460804","1","WAS09","KCM","W","exhibition","y"
"HOM194608041","marql101","HOM","7","1","lower","5","1","2","0","0","0","3","0","","0","","","","0","","","0","","","","19460804","1","WAS09","KCM","W","exhibition","y"
"HOM194608041","marql101","HOM","7","1","upper","5","1","2","0","0","0","3","0","","0","","","","0","","","0","","","","19460804","1","WAS09","KCM","W","exhibition","y"
"HOM194608042","marql101","HOM","8","1","value","3","0","0","0","0","0","0","0","","0","0","0","","0","","","0","","","","19460804","2","WAS09","KCM","L","exhibition","y"
"HOM194608042","marql101","HOM","8","1","lower","3","0","0","0","0","0","0","0","","0","","","","0","","","0","","","","19460804","2","WAS09","KCM","L","exhibition","y"
"HOM194608042","marql101","HOM","8","1","upper","3","0","0","0","0","0","0","0","","0","","","","0","","","0","","","","19460804","2","WAS09","KCM","L","exhibition","y"
"HOM194608051","marql101","HOM","8","1","value","3","1","1","0","0","0","1","0","1","0","0","0","","1","","","0","","","","19460805","1","PHI11","KCM","W","exhibition","y"
"HOM194608051","marql101","HOM","8","1","lower","3","1","1","0","0","0","1","0","1","0","","","","1","","","0","","","","19460805","1","PHI11","KCM","W","exhibition","y"
"HOM194608051","marql101","HOM","8","1","upper","4","1","1","0","0","0","1","0","1","0","","","","1","","","0","","","","19460805","1","PHI11","KCM","W","exhibition","y"
"HOM194608070","marql101","HOM","8","1","value","4","0","1","0","0","0","","0","","0","0","0","","0","","","0","","","","19460807","0","ALT02","BLG","W","regular","y"
"HOM194608070","marql101","HOM","8","1","lower","4","0","1","0","0","0","","0","","0","","","","0","","","0","","","","19460807","0","ALT02","BLG","W","regular","y"
"HOM194608070","marql101","HOM","8","1","upper","4","0","1","0","0","0","","0","","0","","","","0","","","0","","","","19460807","0","ALT02","BLG","W","regular","y"
"HOM194608080","marql101","HOM","8","1","value","4","2","3","1","1","0","","0","","0","1","","","0","","","0","","","","19460808","0","PIT06","BLG","W","regular","y"
"HOM194608080","marql101","HOM","8","1","lower","","2","3","1","1","0","","0","","0","","","","0","","","0","","","","19460808","0","PIT06","BLG","W","regular","y"
"HOM194608080","marql101","HOM","8","1","upper","","2","3","1","1","0","","0","","0","","","","0","","","0","","","","19460808","0","PIT06","BLG","W","regular","y"
"PH5194608100","marql101","HOM","8","1","value","3","0","0","","","","","","","","","","","","","","","","","","19460810","0","PHI17","PH5","L","regular","y"
"PH5194608100","marql101","HOM","8","1","lower","","0","0","","","","","","","","","","","","","","","","","","19460810","0","PHI17","PH5","L","regular","y"
"PH5194608100","marql101","HOM","8","1","upper","","0","0","","","","","","","","","","","","","","","","","","19460810","0","PHI17","PH5","L","regular","y"
"NW2194608111","marql101","HOM","8","1","value","6","1","1","0","0","0","0","0","","0","","","","1","","","0","","","","19460811","1","NWK04","NW2","L","regular","y"
"NW2194608111","marql101","HOM","8","1","lower","","1","1","0","0","0","0","0","","0","","","","1","","","0","","","","19460811","1","NWK04","NW2","L","regular","y"
"NW2194608111","marql101","HOM","8","1","upper","","1","1","0","0","0","0","0","","0","","","","1","","","0","","","","19460811","1","NWK04","NW2","L","regular","y"
"NY5194608120","marql101","HOM","8","1","value","4","0","1","0","0","0","1","0","","0","0","0","","0","","","0","","","","19460812","0","NYC23","NY5","W","regular","y"
"NY5194608120","marql101","HOM","8","1","lower","4","0","1","0","0","0","1","0","","0","0","0","","0","","","0","","","","19460812","0","NYC23","NY5","W","regular","y"
"NY5194608120","marql101","HOM","8","1","upper","4","0","1","0","0","0","1","0","","0","0","0","","0","","","0","","","","19460812","0","NYC23","NY5","W","regular","y"
"NW2194608252","marql101","HOM","8","1","value","4","2","2","1","0","1","","0","","0","0","0","","1","","","0","","","","19460825","2","NWK04","NW2","L","regular","y"
"NW2194608252","marql101","HOM","8","1","lower","4","2","2","1","0","1","","0","","0","","","","1","","","0","","","","19460825","2","NWK04","NW2","L","regular","y"
"NW2194608252","marql101","HOM","8","1","upper","4","2","2","1","0","1","","0","","0","","","","1","","","0","","","","19460825","2","NWK04","NW2","L","regular","y"
"PH5194608260","marql101","HOM","7","1","value","4","1","3","0","1","0","0","0","","0","0","0","","1","","","0","","","","19460826","0","LAN01","PH5","L","regular","y"
"PH5194608260","marql101","HOM","7","1","lower","4","1","3","0","1","0","0","0","","0","","","","1","","","0","","","","19460826","0","LAN01","PH5","L","regular","y"
"PH5194608260","marql101","HOM","7","1","upper","4","1","3","0","1","0","0","0","","0","","","","1","","","0","","","","19460826","0","LAN01","PH5","L","regular","y"
"PH5194608290","marql101","HOM","7","1","value","4","0","1","0","0","0","","0","","0","0","0","","1","","","0","","","","19460829","0","YOU01","PH5","W","regular","y"
"PH5194608290","marql101","HOM","7","1","lower","4","0","1","0","0","0","","0","","0","","","","1","","","0","","","","19460829","0","YOU01","PH5","W","regular","y"
"PH5194608290","marql101","HOM","7","1","upper","4","0","1","0","0","0","","0","","0","","","","1","","","0","","","","19460829","0","YOU01","PH5","W","regular","y"
"PH5194608301","marql101","HOM","7","1","value","3","0","2","","","","0","","","","","","","","","","","","","","19460830","1","NYC16","PH5","L","regular","y"
"PH5194608301","marql101","HOM","7","1","lower","","0","2","","","","0","","","","","","","","","","","","","","19460830","1","NYC16","PH5","L","regular","y"
"PH5194608301","marql101","HOM","7","1","upper","","0","2","","","","0","","","","","","","","","","","","","","19460830","1","NYC16","PH5","L","regular","y"
"PH5194608310","marql101","HOM","7","1","value","4","1","0","0","0","0","0","0","","0","0","0","","0","","","0","","","","19460831","0","WIL04","PH5","L","regular","y"
"PH5194608310","marql101","HOM","7","1","lower","4","1","0","0","0","0","0","0","","0","","","","0","","","0","","","","19460831","0","WIL04","PH5","L","regular","y"
"PH5194608310","marql101","HOM","7","1","upper","4","1","0","0","0","0","0","0","","0","","","","0","","","0","","","","19460831","0","WIL04","PH5","L","regular","y"
"BLG194609011","marql101","HOM","8","1","value","3","0","0","0","0","0","0","0","","0","1","","","0","","","0","","","","19460901","1","BAL14","BLG","L","regular","y"
"BLG194609011","marql101","HOM","8","1","lower","3","0","0","0","0","0","0","0","","0","","","","0","","","0","","","","19460901","1","BAL14","BLG","L","regular","y"
"BLG194609011","marql101","HOM","8","1","upper","3","0","0","0","0","0","0","0","","0","","","","0","","","0","","","","19460901","1","BAL14","BLG","L","regular","y"
"BLG194609012","marql101","HOM","8","1","value","3","0","0","0","0","0","","0","","0","0","0","","0","","","0","","","","19460901","2","BAL14","BLG","L","regular","y"
"BLG194609012","marql101","HOM","8","1","lower","3","0","0","0","0","0","","0","","0","","","","0","","","0","","","","19460901","2","BAL14","BLG","L","regular","y"
"BLG194609012","marql101","HOM","8","1","upper","3","0","0","0","0","0","","0","","0","","","","0","","","0","","","","19460901","2","BAL14","BLG","L","regular","y"
"BLG194609021","marql101","HOM","8","1","value","3","0","1","0","0","0","1","0","","0","1","","","0","","","0","","","","19460902","1","BAL14","BLG","W","regular","y"
"BLG194609021","marql101","HOM","8","1","lower","3","0","1","0","0","0","1","0","","0","","","","0","","","0","","","","19460902","1","BAL14","BLG","W","regular","y"
"BLG194609021","marql101","HOM","8","1","upper","3","0","1","0","0","0","1","0","","0","","","","0","","","0","","","","19460902","1","BAL14","BLG","W","regular","y"
"HOM194609081","marql101","HOM","","","value","","","1","","1","","","","","","","","","","","","","","","","19460908","1","WAS09","NY5","W","regular",""
"HOM194609081","marql101","HOM","","","lower","1","","1","","1","","","","","","","","","","","","","","","","19460908","1","WAS09","NY5","W","regular",""
"HOM194609081","marql101","HOM","","","upper","1","","","","1","","","","","","","","","","","","","","","","19460908","1","WAS09","NY5","W","regular",""
"HOM194609122","marql101","HOM","8","1","value","","1","1","","","","1","","","","","","","","","","","","","","19460912","2","WAS09","IN9","W","exhibition",""
"HOM194609122","marql101","HOM","8","1","lower","2","1","1","","","","1","","","","","","","","","","","","","","19460912","2","WAS09","IN9","W","exhibition",""
"HOM194609122","marql101","HOM","8","1","upper","2","1","","","","","1","","","","","","","","","","","","","","19460912","2","WAS09","IN9","W","exhibition",""
"HOM194609151","marql101","HOM","8","1","value","4","1","1","0","0","1","2","0","","0","0","0","","0","","","0","","","","19460915","1","WAS09","NY6","W","regular","y"
"HOM194609151","marql101","HOM","8","1","lower","4","1","1","0","0","1","2","0","","0","","","","0","","","0","","","","19460915","1","WAS09","NY6","W","regular","y"
"HOM194609151","marql101","HOM","8","1","upper","4","1","1","0","0","1","2","0","","0","","","","0","","","0","","","","19460915","1","WAS09","NY6","W","regular","y"
"HOM194609152","marql101","HOM","8","1","value","1","0","1","0","0","0","0","0","","0","1","","","0","","","0","","","","19460915","2","WAS09","NY6","W","regular","y"
"HOM194609152","marql101","HOM","8","1","lower","1","0","1","0","0","0","0","0","","0","","","","0","","","0","","","","19460915","2","WAS09","NY6","W","regular","y"
"HOM194609152","marql101","HOM","8","1","upper","1","0","1","0","0","0","0","0","","0","","","","0","","","0","","","","19460915","2","WAS09","NY6","W","regular","y"
"NY5194704200","marql101","HOM","6","1","value","3","1","0","0","0","0","","0","","0","1","","","0","","","0","","","","19470420","0","NYC16","NY5","T","exhibition","y"
"NY5194704200","marql101","HOM","6","1","lower","3","1","0","0","0","0","","0","","0","","","","0","","","0","","","","19470420","0","NYC16","NY5","T","exhibition","y"
"NY5194704200","marql101","HOM","6","1","upper","3","1","0","0","0","0","","0","","0","","","","0","","","0","","","","19470420","0","NYC16","NY5","T","exhibition","y"
"HOM194704271","marql101","HOM","7","1","value","3","0","1","0","0","0","0","0","","0","1","","","0","","","0","","","","19470427","1","WAS09","NY5","W","exhibition","y"
"HOM194704271","marql101","HOM","7","1","lower","3","0","1","0","0","0","0","0","","0","","","","0","","","0","","","","19470427","1","WAS09","NY5","W","exhibition","y"
"HOM194704271","marql101","HOM","7","1","upper","3","0","1","0","0","0","0","0","","0","","","","0","","","0","","","","19470427","1","WAS09","NY5","W","exhibition","y"
"HOM194704272","marql101","HOM","1","1","value","3","1","2","0","0","1","2","1","","0","0","0","","0","","","0","","","","19470427","2","WAS09","NY5","L","exhibition","y"
"HOM194704272","marql101","HOM","1","1","lower","3","1","2","0","0","1","2","0","","0","","","","0","","","0","","","","19470427","2","WAS09","NY5","L","exhibition","y"
"HOM194704272","marql101","HOM","1","1","upper","3","1","2","0","0","1","2","1","","0","","","","0","","","0","","","","19470427","2","WAS09","NY5","L","exhibition","y"
"HOM194705031","marql101","HOM","2","1","value","3","0","0","0","0","0","0","0","","0","1","","","1","","","0","","","","19470503","1","PIT06","NY6","L","regular","y"
"HOM194705031","marql101","HOM","2","1","lower","3","0","0","0","0","0","0","0","","0","","","","1","","","0","","","","19470503","1","PIT06","NY6","L","regular","y"
"HOM194705031","marql101","HOM","2","1","upper","3","0","0","0","0","0","0","0","","0","","","","1","","","0","","","","19470503","1","PIT06","NY6","L","regular","y"
"HOM194705041","marql101","HOM","5","1","value","4","0","0","0","0","0","0","0","","0","0","0","","0","","","0","","","","19470504","1","WAS09","NY6","L","regular","y"
"HOM194705041","marql101","HOM","5","1","lower","4","0","0","0","0","0","0","0","","0","","","","0","","","0","","","","19470504","1","WAS09","NY6","L","regular","y"
"HOM194705041","marql101","HOM","5","1","upper","4","0","0","0","0","0","0","0","","0","","","","0","","","0","","","","19470504","1","WAS09","NY6","L","regular","y"
"HOM194705042","marql101","HOM","5","1","value","3","0","1","0","0","0","0","0","","0","0","0","","0","","","0","","","","19470504","2","WAS09","NY6","L","regular","y"
"HOM194705042","marql101","HOM","5","1","lower","3","0","1","0","0","0","0","0","","0","","","","0","","","0","","","","19470504","2","WAS09","NY6","L","regular","y"
"HOM194705042","marql101","HOM","5","1","upper","3","0","1","0","0","0","0","0","","0","","","","0","","","0","","","","19470504","2","WAS09","NY6","L","regular","y"
"BLG194705100","marql101","HOM","1","1","value","3","0","0","0","0","0","0","0","","0","1","","","1","","","0","","","","19470510","0","WIL04","BLG","L","regular","y"
"BLG194705100","marql101","HOM","1","1","lower","3","0","0","0","0","0","0","0","","0","","","","1","","","0","","","","19470510","0","WIL04","BLG","L","regular","y"
"BLG194705100","marql101","HOM","1","1","upper","3","0","0","0","0","0","0","0","","0","","","","1","","","0","","","","19470510","0","WIL04","BLG","L","regular","y"
"BLG194705111","marql101","HOM","6","1","value","4","0","2","0","0","0","0","0","","0","0","0","","0","","","0","","","","19470511","1","BAL14","BLG","L","regular","y"
"BLG194705111","marql101","HOM","6","1","lower","4","0","2","0","0","0","0","0","","0","0","0","","0","","","0","","","","19470511","1","BAL14","BLG","L","regular","y"
"BLG194705111","marql101","HOM","6","1","upper","4","0","2","0","0","0","0","0","","0","0","0","","0","","","0","","","","19470511","1","BAL14","BLG","L","regular","y"
"BLG194705112","marql101","HOM","6","1","value","3","1","1","0","0","0","","0","","0","0","0","","0","","","0","","","","19470511","2","BAL14","BLG","W","regular","y"
"BLG194705112","marql101","HOM","6","1","lower","3","1","1","0","0","0","","0","","0","","","","0","","","0","","","","19470511","2","BAL14","BLG","W","regular","y"
"BLG194705112","marql101","HOM","6","1","upper","3","1","1","0","0","0","","0","","0","","","","0","","","0","","","","19470511","2","BAL14","BLG","W","regular","y"
"HOM194705160","marql101","HOM","2","1","value","4","0","3","1","0","0","0","0","","0","1","","","0","","","0","","","","19470516","0","ERI01","CVB","W","exhibition","y"
"HOM194705160","marql101","HOM","2","1","lower","4","0","3","1","0","0","0","0","","0","","","","0","","","0","","","","19470516","0","ERI01","CVB","W","exhibition","y"
"HOM194705160","marql101","HOM","2","1","upper","4","0","3","1","0","0","0","0","","0","","","","0","","","0","","","","19470516","0","ERI01","CVB","W","exhibition","y"
"NW2194705181","marql101","HOM","8","1","value","4","1","1","0","0","0","0","0","","0","0","0","","0","","","0","","","","19470518","1","NWK04","NW2","W","regular","y"
"NW2194705181","marql101","HOM","8","1","lower","4","1","1","0","0","0","0","0","","0","","","","0","","","0","","","","19470518","1","NWK04","NW2","W","regular","y"
"NW2194705181","marql101","HOM","8","1","upper","4","1","1","0","0","0","0","0","","0","","","","0","","","0","","","","19470518","1","NWK04","NW2","W","regular","y"
"NW2194705182","marql101","HOM","8","1","value","2","2","2","","","1","2","","","","0","0","","","","","","","","","19470518","2","NWK04","NW2","W","regular","y"
"NW2194705182","marql101","HOM","8","1","lower","2","2","2","","","1","2","","","","","","","","","","","","","","19470518","2","NWK04","NW2","W","regular","y"
"NW2194705182","marql101","HOM","8","1","upper","2","2","2","","","1","2","","","","","","","","","","","","","","19470518","2","NWK04","NW2","W","regular","y"
"BLG194705190","marql101","HOM","8","1","value","4","0","2","0","0","0","","0","","0","0","0","","0","","","0","","","","19470519","0","PHI11","BLG","L","regular","y"
"BLG194705190","marql101","HOM","8","1","lower","4","0","2","0","0","0","","0","","0","","","","0","","","0","","","","19470519","0","PHI11","BLG","L","regular","y"
"BLG194705190","marql101","HOM","8","1","upper","4","0","2","0","0","0","","0","","0","","","","0","","","0","","","","19470519","0","PHI11","BLG","L","regular","y"
"BLG194705200","marql101","HOM","6","1","value","4","0","0","0","0","0","0","0","","0","0","0","","0","","","0","","","","19470520","0","BAL14","BLG","L","regular","y"
"BLG194705200","marql101","HOM","6","1","lower","4","0","0","0","0","0","0","0","","0","","","","0","","","0","","","","19470520","0","BAL14","BLG","L","regular","y"
"BLG194705200","marql101","HOM","6","1","upper","4","0","0","0","0","0","0","0","","0","","","","0","","","0","","","","19470520","0","BAL14","BLG","L","regular","y"
"HOM194705241","marql101","HOM","2","1","value","5","0","2","1","0","0","","0","","0","0","0","","0","","","0","","","","19470524","1","PIT06","NY5","W","regular","y"
"HOM194705241","marql101","HOM","2","1","lower","","0","2","1","0","0","","0","","0","","","","0","","","0","","","","19470524","1","PIT06","NY5","W","regular","y"
"HOM194705241","marql101","HOM","2","1","upper","","0","2","1","0","0","","0","","0","","","","0","","","0","","","","19470524","1","PIT06","NY5","W","regular","y"
"HOM194705242","marql101","HOM","","","value","","1","1","","","1","1","","","","","","","","","","","","","","19470524","2","PIT06","NY5","W","regular",""
"HOM194705242","marql101","HOM","","","lower","1","1","1","","","1","1","","","","","","","","","","","","","","19470524","2","PIT06","NY5","W","regular",""
"HOM194705242","marql101","HOM","","","upper","1","1","3","","","1","1","","","","","","","","","","","","","","19470524","2","PIT06","NY5","W","regular",""
"HOM194705251","marql101","HOM","2","1","value","5","3","4","2","0","1","1","0","","0","0","0","","0","","","0","","","","19470525","1","WAS09","NY5","W","regular","y"
"HOM194705251","marql101","HOM","2","1","lower","5","3","4","2","0","1","1","0","","0","","","","0","","","0","","","","19470525","1","WAS09","NY5","W","regular","y"
"HOM194705251","marql101","HOM","2","1","upper","5","3","4","2","0","1","1","0","","0","","","","0","","","0","","","","19470525","1","WAS09","NY5","W","regular","y"
"HOM194705252","marql101","HOM","2","1","value","4","2","2","0","0","0","0","0","","0","0","0","","0","","","0","","","","19470525","2","WAS09","NY5","W","regular","y"
"HOM194705252","marql101","HOM","2","1","lower","4","2","2","0","0","0","0","0","","0","","","","0","","","0","","","","19470525","2","WAS09","NY5","W","regular","y"
"HOM194705252","marql101","HOM","2","1","upper","4","2","2","0","0","0","0","0","","0","","","","0","","","0","","","","19470525","2","WAS09","NY5","W","regular","y"
"NW2194705301","marql101","HOM","2","1","value","3","0","0","0","0","0","0","0","","0","1","","","0","","","0","","","","19470530","1","NYC15","NW2","L","regular","y"
"NW2194705301","marql101","HOM","2","1","lower","2","0","0","0","0","0","0","0","","0","","","","0","","","0","","","","19470530","1","NYC15","NW2","L","regular","y"
"NW2194705301","marql101","HOM","2","1","upper","3","0","0","0","0","0","0","0","","0","","","","0","","","0","","","","19470530","1","NYC15","NW2","L","regular","y"
"NW2194705302","marql101","HOM","7","1","value","2","0","1","0","0","0","0","0","","1","0","0","","1","","","0","","","","19470530","2","NYC15","NW2","L","regular","y"
"NW2194705302","marql101","HOM","7","1","lower","2","0","1","0","0","0","0","0","","1","","","","1","","","0","","","","19470530","2","NYC15","NW2","L","regular","y"
"NW2194705302","marql101","HOM","7","1","upper","2","0","1","0","0","0","0","0","","1","","","","1","","","0","","","","19470530","2","NYC15","NW2","L","regular","y"
"HOM194706011","marql101","HOM","2","1","value","5","1","1","1","0","0","0","0","","0","0","0","","0","","","0","","","","19470601","1","WAS09","NW2","W","regular","y"
"HOM194706011","marql101","HOM","2","1","lower","5","1","1","1","0","0","0","0","","0","","","","0","","","0","","","","19470601","1","WAS09","NW2","W","regular","y"
"HOM194706011","marql101","HOM","2","1","upper","5","1","1","1","0","0","0","0","","0","","","","0","","","0","","","","19470601","1","WAS09","NW2","W","regular","y"
"HOM194706012","marql101","HOM","2","1","value","5","1","3","1","0","0","0","0","","0","0","0","","0","","","0","","","","19470601","2","WAS09","PH5","L","regular","y"
"HOM194706012","marql101","HOM","2","1","lower","5","1","3","1","0","0","0","0","","0","","","","0","","","0","","","","19470601","2","WAS09","PH5","L","regular","y"
"HOM194706012","marql101","HOM","2","1","upper","5","1","3","1","0","0","0","0","","0","","","","0","","","0","","","","19470601","2","WAS09","PH5","L","regular","y"
"HOM194706020","marql101","HOM","2","1","value","5","0","3","0","0","0","0","0","","0","0","0","","0","","","0","","","","19470602","0","ALT02","NW2","L","regular","y"
"HOM194706020","marql101","HOM","2","1","lower","5","0","3","0","0","0","0","0","","0","","","","0","","","0","","","","19470602","0","ALT02","NW2","L","regular","y"
"HOM194706020","marql101","HOM","2","1","upper","5","0","3","0","0","0","0","0","","0","","","","0","","","0","","","","19470602","0","ALT02","NW2","L","regular","y"
"HOM194706040","marql101","HOM","2","1","value","4","0","1","0","0","0","0","0","","0","0","0","","0","","","0","","","","19470604","0","PIT06","NW2","L","regular","y"
"HOM194706040","marql101","HOM","2","1","lower","4","0","1","0","0","0","0","0","","0","","","","0","","","0","","","","19470604","0","PIT06","NW2","L","regular","y"
"HOM194706040","marql101","HOM","2","1","upper","4","0","1","0","0","0","0","0","","0","","","","0","","","0","","","","19470604","0","PIT06","NW2","L","regular","y"
"HOM194706081","marql101","HOM","2","1","value","5","1","2","1","0","0","1","0","","0","0","0","","1","","","0","","","","19470608","1","WAS09","NW2","L","regular","y"
"HOM194706081","marql101","HOM","2","1","lower","5","1","2","1","0","0","1","0","","0","","","","1","","","0","","","","19470608","1","WAS09","NW2","L","regular","y"
"HOM194706081","marql101","HOM","2","1","upper","5","1","2","1","0","0","1","0","","0","","","","1","","","0","","","","19470608","1","WAS09","NW2","L","regular","y"
"HOM194706120","marql101","HOM","5","1","value","1","0","1","0","0","0","0","0","","0","2","","","0","","","0","","","","19470612","0","WAS09","BLG","W","regular","y"
"HOM194706120","marql101","HOM","5","1","lower","1","0","1","0","0","0","0","0","","0","","","","0","","","0","","","","19470612","0","WAS09","BLG","W","regular","y"
"HOM194706120","marql101","HOM","5","1","upper","1","0","1","0","0","0","0","0","","0","","","","0","","","0","","","","19470612","0","WAS09","BLG","W","regular","y"
"PH5194706151","marql101","HOM","5","1","value","4","1","1","0","0","0","0","0","","0","0","0","","0","","","0","","","","19470615","1","WIL04","PH5","W","regular","y"
"PH5194706151","marql101","HOM","5","1","lower","4","1","1","0","0","0","0","0","","0","","","","0","","","0","","","","19470615","1","WIL04","PH5","W","regular","y"
"PH5194706151","marql101","HOM","5","1","upper","4","1","1","0","0","0","0","0","","0","","","","0","","","0","","","","19470615","1","WIL04","PH5","W","regular","y"
"PH5194706152","marql101","HOM","5","1","value","3","0","1","0","0","0","0","0","","0","0","0","","0","","","0","","","","19470615","2","WIL04","PH5","W","regular","y"
"PH5194706152","marql101","HOM","5","1","lower","3","0","1","0","0","0","0","0","","0","","","","0","","","0","","","","19470615","2","WIL04","PH5","W","regular","y"
"PH5194706152","marql101","HOM","5","1","upper","3","0","1","0","0","0","0","0","","0","","","","0","","","0","","","","19470615","2","WIL04","PH5","W","regular","y"
"PH5194706162","marql101","HOM","5","2","value","2","0","0","0","0","0","0","0","","0","0","0","","1","","","0","","","","19470616","2","PHI11","PH5","L","regular","y"
"PH5194706162","marql101","HOM","5","2","lower","2","0","0","0","0","0","0","0","","0","","","","1","","","0","","","","19470616","2","PHI11","PH5","L","regular","y"
"PH5194706162","marql101","HOM","5","2","upper","2","0","0","0","0","0","0","0","","0","","","","1","","","0","","","","19470616","2","PHI11","PH5","L","regular","y"
"BLG194706170","marql101","HOM","5","1","value","4","0","2","0","0","0","0","0","","0","0","0","","1","","","0","","","","19470617","0","BAL14","BLG","L","regular","y"
"BLG194706170","marql101","HOM","5","1","lower","4","0","2","0","0","0","0","0","","0","","","","1","","","0","","","","19470617","0","BAL14","BLG","L","regular","y"
"BLG194706170","marql101","HOM","5","1","upper","4","0","2","0","0","0","0","0","","0","","","","1","","","0","","","","19470617","0","BAL14","BLG","L","regular","y"
"NW2194706221","marql101","HOM","6","1","value","3","0","1","0","0","0","1","1","","0","0","0","","0","","","0","","","","19470622","1","NWK04","NW2","L","regular","y"
"NW2194706221","marql101","HOM","6","1","lower","3","0","1","0","0","0","1","0","","0","","","","0","","","0","","","","19470622","1","NWK04","NW2","L","regular","y"
"NW2194706221","marql101","HOM","6","1","upper","3","0","1","0","0","0","1","1","","0","","","","0","","","0","","","","19470622","1","NWK04","NW2","L","regular","y"
"NY5194706230","marql101","HOM","5","1","value","5","1","2","0","1","0","0","0","","0","0","0","","0","","","0","","","","19470623","0","NYC23","NY5","W","regular","y"
"NY5194706230","marql101","HOM","5","1","lower","5","1","2","0","1","0","0","0","","0","","","","0","","","0","","","","19470623","0","NYC23","NY5","W","regular","y"
"NY5194706230","marql101","HOM","5","1","upper","5","1","2","0","1","0","0","0","","0","","","","0","","","0","","","","19470623","0","NYC23","NY5","W","regular","y"
"PH5194706260","marql101","HOM","5","1","value","5","1","0","","","","","","","","","","","","","","","","","","19470626","0","PHI17","PH5","T","regular","y"
"PH5194706260","marql101","HOM","5","1","lower","","1","0","","","","","","","","","","","","","","","","","","19470626","0","PHI17","PH5","T","regular","y"
"PH5194706260","marql101","HOM","5","1","upper","","1","0","","","","","","","","","","","","","","","","","","19470626","0","PHI17","PH5","T","regular","y"
"HOM194706270","marql101","HOM","","","value","","1","1","","","1","1","","","","","","","","","","","","","","19470627","0","PIT06","PH5","W","regular",""
"HOM194706270","marql101","HOM","","","lower","1","1","1","","","1","1","","","","","","","","","","","","","","19470627","0","PIT06","PH5","W","regular",""
"HOM194706270","marql101","HOM","","","upper","1","","","","","1","0","","","","","","","","","","","","","","19470627","0","PIT06","PH5","W","regular",""
"HOM194706291","marql101","HOM","5","1","value","4","2","2","0","0","0","","0","","0","0","0","","0","","","0","","","","19470629","1","PIT06","PH5","L","regular","y"
"HOM194706291","marql101","HOM","5","1","lower","4","2","2","0","0","0","","0","","0","","","","0","","","0","","","","19470629","1","PIT06","PH5","L","regular","y"
"HOM194706291","marql101","HOM","5","1","upper","4","2","2","0","0","0","","0","","0","","","","0","","","0","","","","19470629","1","PIT06","PH5","L","regular","y"
"HOM194707061","marql101","HOM","5","1","value","3","3","3","1","0","0","0","0","","0","1","","","1","","","0","","","","19470706","1","WAS09","PH5","W","regular","y"
"HOM194707061","marql101","HOM","5","1","lower","3","3","3","1","0","0","0","0","","0","","","","1","","","0","","","","19470706","1","WAS09","PH5","W","regular","y"
"HOM194707061","marql101","HOM","5","1","upper","3","3","3","1","0","0","0","0","","0","","","","1","","","0","","","","19470706","1","WAS09","PH5","W","regular","y"
"HOM194707062","marql101","HOM","6","1","value","3","0","2","0","0","0","0","0","","0","0","0","","0","","","0","","","","19470706","2","WAS09","PH5","L","regular","y"
"HOM194707062","marql101","HOM","6","1","lower","3","0","2","0","0","0","0","0","","0","","","","0","","","0","","","","19470706","2","WAS09","PH5","L","regular","y"
"HOM194707062","marql101","HOM","6","1","upper","3","0","2","0","0","0","0","0","","0","","","","0","","","0","","","","19470706","2","WAS09","PH5","L","regular","y"
"KCM194707081","marql101","HOM","5","1","value","4","0","1","","","","","","","","0","0","","","","","","","","","19470708","1","STL07","KCM","W","exhibition","y"
"KCM194707081","marql101","HOM","5","1","lower","4","","1","","","","","","","","","","","","","","","","","","19470708","1","STL07","KCM","W","exhibition","y"
"KCM194707081","marql101","HOM","5","1","upper","4","","1","","","","","","","","","","","","","","","","","","19470708","1","STL07","KCM","W","exhibition","y"
"KCM194707082","marql101","HOM","6","1","value","3","0","0","","","","","","","","0","0","","","","","","","","","19470708","2","STL07","KCM","L","exhibition","y"
"KCM194707082","marql101","HOM","6","1","lower","3","","0","","","","","","","","","","","","","","","","","","19470708","2","STL07","KCM","L","exhibition","y"
"KCM194707082","marql101","HOM","6","1","upper","3","","0","","","","","","","","","","","","","","","","","","19470708","2","STL07","KCM","L","exhibition","y"
"HOM194707102","marql101","HOM","6","1","value","3","0","1","1","0","0","1","0","","0","0","0","","0","","","0","","","","19470710","2","WAS09","IN9","W","exhibition","y"
"HOM194707102","marql101","HOM","6","1","lower","3","0","1","1","0","0","1","0","","0","","","","0","","","0","","","","19470710","2","WAS09","IN9","W","exhibition","y"
"HOM194707102","marql101","HOM","6","1","upper","3","0","1","1","0","0","1","0","","0","","","","0","","","0","","","","19470710","2","WAS09","IN9","W","exhibition","y"
"HOM194707120","marql101","HOM","6","1","value","4","0","0","0","0","0","","0","","0","0","0","","0","","","0","","","","19470712","0","HRB01","CVB","W","exhibition","y"
"HOM194707120","marql101","HOM","6","1","lower","4","0","0","0","0","0","","0","","0","","","","0","","","0","","","","19470712","0","HRB01","CVB","W","exhibition","y"
"HOM194707120","marql101","HOM","6","1","upper","4","0","0","0","0","0","","0","","0","","","","0","","","0","","","","19470712","0","HRB01","CVB","W","exhibition","y"
"HOM194707131","marql101","HOM","1","1","value","3","0","1","1","0","0","0","0","","0","0","0","","0","","","0","","","","19470713","1","WAS09","NW2","W","regular","y"
"HOM194707131","marql101","HOM","1","1","lower","3","0","1","1","0","0","0","0","","0","","","","0","","","0","","","","19470713","1","WAS09","NW2","W","regular","y"
"HOM194707131","marql101","HOM","1","1","upper","3","0","1","1","0","0","0","0","","0","","","","0","","","0","","","","19470713","1","WAS09","NW2","W","regular","y"
"HOM194707132","marql101","HOM","1","1","value","3","1","1","1","0","0","0","0","","0","0","0","","0","","","0","","","","19470713","2","WAS09","CVB","W","exhibition","y"
"HOM194707132","marql101","HOM","1","1","lower","3","1","1","1","0","0","0","0","","0","","","","0","","","0","","","","19470713","2","WAS09","CVB","W","exhibition","y"
"HOM194707132","marql101","HOM","1","1","upper","3","1","1","1","0","0","0","0","","0","","","","0","","","0","","","","19470713","2","WAS09","CVB","W","exhibition","y"
"HOM194707140","marql101","HOM","1","1","value","5","0","0","0","0","0","","0","","0","0","0","","0","","","0","","","","19470714","0","HRB01","MEM","L","exhibition","y"
"HOM194707140","marql101","HOM","1","1","lower","5","0","0","0","0","0","","0","","0","","","","0","","","0","","","","19470714","0","HRB01","MEM","L","exhibition","y"
"HOM194707140","marql101","HOM","1","1","upper","5","0","0","0","0","0","","0","","0","","","","0","","","0","","","","19470714","0","HRB01","MEM","L","exhibition","y"
"HOM194707150","marql101","HOM","1","1","value","4","1","1","0","0","0","0","0","","0","0","0","","2","","","0","","","","19470715","0","WIL04","NW2","L","regular","y"
"HOM194707150","marql101","HOM","1","1","lower","4","1","1","0","0","0","0","0","","0","","","","2","","","0","","","","19470715","0","WIL04","NW2","L","regular","y"
"HOM194707150","marql101","HOM","1","1","upper","4","1","1","0","0","0","0","0","","0","","","","2","","","0","","","","19470715","0","WIL04","NW2","L","regular","y"
"NY5194707180","marql101","HOM","1","1","value","5","1","2","0","0","0","0","0","","0","0","0","","2","","","0","","","","19470718","0","NYC16","NY5","L","regular","y"
"NY5194707180","marql101","HOM","1","1","lower","5","1","2","0","0","0","0","0","","0","","","","2","","","0","","","","19470718","0","NYC16","NY5","L","regular","y"
"NY5194707180","marql101","HOM","1","1","upper","5","1","2","0","0","0","0","0","","0","","","","2","","","0","","","","19470718","0","NYC16","NY5","L","regular","y"
"HOM194707201","marql101","HOM","3","1","value","4","0","0","0","0","0","0","0","","0","0","0","0","0","","","0","","","","19470720","1","WAS09","NY6","L","regular","y"
"HOM194707201","marql101","HOM","3","1","lower","4","0","0","0","0","0","0","0","","0","","","0","0","","","0","","","","19470720","1","WAS09","NY6","L","regular","y"
"HOM194707201","marql101","HOM","3","1","upper","4","0","0","0","0","0","0","0","","0","","","0","0","","","0","","","","19470720","1","WAS09","NY6","L","regular","y"
"HOM194707202","marql101","HOM","3","1","value","3","0","1","","","","2","","","","1","","","","","","","","","","19470720","2","WAS09","NY6","L","regular","y"
"HOM194707202","marql101","HOM","3","1","lower","3","0","1","","","","2","","","","","","","","","","","","","","19470720","2","WAS09","NY6","L","regular","y"
"HOM194707202","marql101","HOM","3","1","upper","3","0","1","","","","2","","","","","","","","","","","","","","19470720","2","WAS09","NY6","L","regular","y"
"ASW194707270","marql101","ASE","6","2","value","1","1","1","1","0","0","0","0","0","0","0","0","0","0","0","0","0","","1","","19470727","0","CHI10","ASW","L","allstar","y"
"ASW194707270","marql101","ASE","6","2","lower","1","1","1","1","0","0","0","0","","0","","","","0","","","0","","","","19470727","0","CHI10","ASW","L","allstar","y"
"ASW194707270","marql101","ASE","6","2","upper","1","1","1","1","0","0","0","0","","0","","","","0","","","0","","","","19470727","0","CHI10","ASW","L","allstar","y"
"ASE194707290","marql101","ASE","6","1","value","3","0","0","0","0","0","0","0","0","0","1","0","0","0","0","0","0","","","","19470729","0","NYC14","ASW","L","allstar","y"
"ASE194707290","marql101","ASE","6","1","lower","3","0","0","0","0","0","0","0","","0","","","","0","","","0","","","","19470729","0","NYC14","ASW","L","allstar","y"
"ASE194707290","marql101","ASE","6","1","upper","3","0","0","0","0","0","0","0","","0","","","","0","","","0","","","","19470729","0","NYC14","ASW","L","allstar","y"
"KCM194708020","marql101","HOM","1","1","value","4","0","0","0","0","0","0","0","","0","0","0","","0","","","0","","","","19470802","0","KAN05","KCM","L","exhibition","y"
"KCM194708020","marql101","HOM","1","1","lower","4","0","0","0","0","0","0","0","","0","","","","0","","","0","","","","19470802","0","KAN05","KCM","L","exhibition","y"
"KCM194708020","marql101","HOM","1","1","upper","4","0","0","0","0","0","0","0","","0","","","","0","","","0","","","","19470802","0","KAN05","KCM","L","exhibition","y"
"KCM194708031","marql101","HOM","1","1","value","6","0","1","0","0","0","","0","","0","0","0","","0","","","0","","","","19470803","1","KAN05","KCM","W","exhibition","y"
"KCM194708031","marql101","HOM","1","1","lower","6","0","1","0","0","0","","0","","0","","","","0","","","0","","","","19470803","1","KAN05","KCM","W","exhibition","y"
"KCM194708031","marql101","HOM","1","1","upper","6","0","1","0","0","0","","0","","0","","","","0","","","0","","","","19470803","1","KAN05","KCM","W","exhibition","y"
"KCM194708032","marql101","HOM","1","1","value","3","2","1","0","0","0","","0","","0","2","","","1","","","0","","","","19470803","2","KAN05","KCM","W","exhibition","y"
"KCM194708032","marql101","HOM","1","1","lower","3","2","1","0","0","0","","0","","0","","","","1","","","0","","","","19470803","2","KAN05","KCM","W","exhibition","y"
"KCM194708032","marql101","HOM","1","1","upper","3","2","1","0","0","0","","0","","0","","","","1","","","0","","","","19470803","2","KAN05","KCM","W","exhibition","y"
"BLG194708080","marql101","HOM","3","1","value","5","1","2","1","0","0","1","0","","0","0","0","","0","","","0","","","","19470808","0","BAL14","BLG","L","regular","y"
"BLG194708080","marql101","HOM","3","1","lower","5","1","2","1","0","0","1","0","","0","","","","0","","","0","","","","19470808","0","BAL14","BLG","L","regular","y"
"BLG194708080","marql101","HOM","3","1","upper","5","1","2","1","0","0","1","0","","0","","","","0","","","0","","","","19470808","0","BAL14","BLG","L","regular","y"
"HOM194708090","marql101","HOM","7","1","value","2","0","1","0","0","0","0","0","","0","0","0","","1","","","0","","","","19470809","0","WIL04","KCM","W","exhibition","y"
"HOM194708090","marql101","HOM","7","1","lower","2","0","1","0","0","0","0","0","","0","","","","1","","","0","","","","19470809","0","WIL04","KCM","W","exhibition","y"
"HOM194708090","marql101","HOM","7","1","upper","2","0","1","0","0","0","0","0","","0","","","","1","","","0","","","","19470809","0","WIL04","KCM","W","exhibition","y"
"HOM194708101","marql101","HOM","","","value","","","","","","","","","","1","","","","","","","","","","","19470810","1","WAS09","KCM","W","exhibition",""
"HOM194708101","marql101","HOM","","","lower","","","","","","","","","","1","","","","","","","","","","","19470810","1","WAS09","KCM","W","exhibition",""
"HOM194708101","marql101","HOM","","","upper","","","","","","","","","","1","","","","","","","","","","","19470810","1","WAS09","KCM","W","exhibition",""
"HOM194708102","marql101","HOM","1","1","value","3","0","0","0","0","0","0","0","","0","0","0","","0","","","0","","","","19470810","2","WAS09","KCM","W","exhibition","y"
"HOM194708102","marql101","HOM","1","1","lower","3","0","0","0","0","0","0","0","","0","0","0","","0","","","0","","","","19470810","2","WAS09","KCM","W","exhibition","y"
"HOM194708102","marql101","HOM","1","1","upper","3","0","0","0","0","0","0","0","","0","0","0","","0","","","0","","","","19470810","2","WAS09","KCM","W","exhibition","y"
"HOM194708212","marql101","HOM","","","value","","","","","","","","","","","","","","","","","","","","","19470821","2","WAS09","CAG","L","exhibition",""
"HOM194708212","marql101","HOM","","","lower","","","","","","","","","","","","","","","","","","","","","19470821","2","WAS09","CAG","L","exhibition",""
"HOM194708212","marql101","HOM","","","upper","","","","","","","","","","","","","","","","","","","","","19470821","2","WAS09","CAG","L","exhibition",""
"BLG194708220","marql101","HOM","3","1","value","2","1","2","0","0","0","0","0","","0","2","","","1","","","0","","","","19470822","0","BAL14","BLG","L","regular","y"
"BLG194708220","marql101","HOM","3","1","lower","2","1","2","0","0","0","0","0","","0","","","","1","","","0","","","","19470822","0","BAL14","BLG","L","regular","y"
"BLG194708220","marql101","HOM","3","1","upper","2","1","2","0","0","0","0","0","","0","","","","1","","","0","","","","19470822","0","BAL14","BLG","L","regular","y"
"HOM194708241","marql101","HOM","1","1","value","4","0","0","0","0","0","0","0","","0","0","0","","0","","","0","","","","19470824","1","WAS09","NW2","L","regular","y"
"HOM194708241","marql101","HOM","1","1","lower","4","0","0","0","0","0","0","0","","0","","","","0","","","0","","","","19470824","1","WAS09","NW2","L","regular","y"
"HOM194708241","marql101","HOM","1","1","upper","4","0","0","0","0","0","0","0","","0","","","","0","","","0","","","","19470824","1","WAS09","NW2","L","regular","y"
"HOM194708242","marql101","HOM","2","1","value","3","1","2","0","0","0","1","0","","0","1","","","2","","","0","","","","19470824","2","WAS09","NW2","W","regular","y"
"HOM194708242","marql101","HOM","2","1","lower","2","1","2","0","0","0","1","0","","0","","","","2","","","0","","","","19470824","2","WAS09","NW2","W","regular","y"
"HOM194708242","marql101","HOM","2","1","upper","3","1","2","0","0","0","1","0","","0","","","","2","","","0","","","","19470824","2","WAS09","NW2","W","regular","y"
"NW2194708290","marql101","HOM","1","1","value","4","1","2","","","","0","","","","0","0","","","","","","","","","19470829","0","NWK04","NW2","W","regular","y"
"NW2194708290","marql101","HOM","1","1","lower","4","1","2","","","","0","","","","","","","","","","","","","","19470829","0","NWK04","NW2","W","regular","y"
"NW2194708290","marql101","HOM","1","1","upper","4","1","2","","","","0","","","","","","","","","","","","","","19470829","0","NWK04","NW2","W","regular","y"
"HOM194708310","marql101","HOM","1","1","value","3","0","1","0","0","0","1","1","","0","1","","","1","","","0","","","","19470831","0","WAS09","PH5","W","regular","y"
"HOM194708310","marql101","HOM","1","1","lower","3","0","1","0","0","0","1","1","","0","","","","1","","","0","","","","19470831","0","WAS09","PH5","W","regular","y"
"HOM194708310","marql101","HOM","1","1","upper","3","0","1","0","0","0","1","1","","0","","","","1","","","0","","","","19470831","0","WAS09","PH5","W","regular","y"
"BLG194709020","marql101","HOM","3","1","value","5","2","2","1","0","0","1","0","","0","0","0","","0","","","0","","","","19470902","0","BAL14","BLG","T","regular","y"
"BLG194709020","marql101","HOM","3","1","lower","5","2","2","1","0","0","1","0","","0","","","","0","","","0","","","","19470902","0","BAL14","BLG","T","regular","y"
"BLG194709020","marql101","HOM","3","1","upper","5","2","2","1","0","0","1","0","","0","","","","0","","","0","","","","19470902","0","BAL14","BLG","T","regular","y"
"BLG194709050","marql101","HOM","7","1","value","5","1","0","0","0","0","0","0","","0","0","0","","0","","","0","","","","19470905","0","BAL14","BLG","W","regular","y"
"BLG194709050","marql101","HOM","7","1","lower","5","1","0","0","0","0","0","0","","0","","","","0","","","0","","","","19470905","0","BAL14","BLG","W","regular","y"
"BLG194709050","marql101","HOM","7","1","upper","5","1","0","0","0","0","0","0","","0","","","","0","","","0","","","","19470905","0","BAL14","BLG","W","regular","y"
"NY6194709080","marql101","HOM","3","1","value","4","0","2","","","","","","","","0","0","","","","","","","","","19470908","0","PHI11","NY6","L","regular","y"
"NY6194709080","marql101","HOM","3","1","lower","4","0","2","","","","","","","","","","","","","","","","","","19470908","0","PHI11","NY6","L","regular","y"
"NY6194709080","marql101","HOM","3","1","upper","4","0","2","","","","","","","","","","","","","","","","","","19470908","0","PHI11","NY6","L","regular","y"
"NW2194709141","marql101","HOM","3","1","value","4","1","1","0","0","0","","0","","1","0","0","","1","","","0","","","","19470914","1","NYC15","NW2","W","regular","y"
"NW2194709141","marql101","HOM","3","1","lower","4","1","1","0","0","0","","0","","1","","","","1","","","0","","","","19470914","1","NYC15","NW2","W","regular","y"
"NW2194709141","marql101","HOM","3","1","upper","4","1","1","0","0","0","","0","","1","","","","1","","","0","","","","19470914","1","NYC15","NW2","W","regular","y"
"NW2194709142","marql101","HOM","6","1","value","2","0","0","0","0","0","0","0","","0","1","","","0","","","0","","","","19470914","2","NYC15","NW2","L","regular","y"
"NW2194709142","marql101","HOM","6","1","lower","2","0","0","0","0","0","0","0","","0","","","","0","","","0","","","","19470914","2","NYC15","NW2","L","regular","y"
"NW2194709142","marql101","HOM","6","1","upper","2","0","0","0","0","0","0","0","","0","","","","0","","","0","","","","19470914","2","NYC15","NW2","L","regular","y"
"BLG194804180","marql101","HOM","1","1","value","4","1","2","0","0","0","","0","","0","1","","","1","","","0","","","","19480418","0","BAL14","BLG","W","exhibition","y"
"BLG194804180","marql101","HOM","1","1","lower","4","1","2","0","0","0","","0","","0","","","","1","","","0","","","","19480418","0","BAL14","BLG","W","exhibition","y"
"BLG194804180","marql101","HOM","1","1","upper","4","1","2","0","0","0","","0","","0","","","","1","","","0","","","","19480418","0","BAL14","BLG","W","exhibition","y"
"HOM194804250","marql101","HOM","1","1","value","4","0","1","0","0","0","0","0","","0","0","0","","0","","","0","","","","19480425","0","WAS09","BLG","L","exhibition","y"
"HOM194804250","marql101","HOM","1","1","lower","4","0","1","0","0","0","0","0","","0","","","","0","","","0","","","","19480425","0","WAS09","BLG","L","exhibition","y"
"HOM194804250","marql101","HOM","1","1","upper","4","0","1","0","0","0","0","0","","0","","","","0","","","0","","","","19480425","0","WAS09","BLG","L","exhibition","y"
"NY6194805021","marql101","HOM","1","1","value","4","0","2","0","0","0","0","0","0","0","0","0","0","0","0","1","0","","","","19480502","1","NYC16","NY6","L","regular","y"
"NY6194805021","marql101","HOM","1","1","lower","4","0","2","0","0","0","0","0","","0","","","","0","","","0","","","","19480502","1","NYC16","NY6","L","regular","y"
"NY6194805021","marql101","HOM","1","1","upper","4","0","2","0","0","0","0","0","","0","","","","0","","","0","","","","19480502","1","NYC16","NY6","L","regular","y"
"NW2194805090","marql101","HOM","1","1","value","4","0","1","0","0","0","","0","","1","0","","","1","","","","","","","19480509","0","NWK04","NW2","W","regular","y"
"NW2194805090","marql101","HOM","1","1","lower","4","0","1","0","0","0","","0","","1","","","","1","","","","","","","19480509","0","NWK04","NW2","W","regular","y"
"NW2194805090","marql101","HOM","1","1","upper","4","0","1","0","0","0","","0","","1","","","","1","","","","","","","19480509","0","NWK04","NW2","W","regular","y"
"BLG194805110","marql101","HOM","1","1","value","5","0","0","0","0","0","","0","","0","0","","","0","","","","","","","19480511","0","BAL14","BLG","W","regular","y"
"BLG194805110","marql101","HOM","1","1","lower","5","0","0","0","0","0","","0","","0","","","","0","","","","","","","19480511","0","BAL14","BLG","W","regular","y"
"BLG194805110","marql101","HOM","1","1","upper","5","0","0","0","0","0","","0","","0","","","","0","","","","","","","19480511","0","BAL14","BLG","W","regular","y"
"HOM194805120","marql101","HOM","1","1","value","2","1","2","2","0","0","","0","","0","1","","","1","","","","","","","19480512","0","ALT02","NY5","W","regular","y"
"HOM194805120","marql101","HOM","1","1","lower","2","1","2","2","0","0","","0","","0","","","","1","","","","","","","19480512","0","ALT02","NY5","W","regular","y"
"HOM194805120","marql101","HOM","1","1","upper","2","1","2","2","0","0","","0","","0","","","","1","","","","","","","19480512","0","ALT02","NY5","W","regular","y"
"HOM194805151","marql101","HOM","","","value","","1","1","","","1","1","","","","","","","","","","","","","","19480515","1","MNH01","NY5","L","regular",""
"HOM194805151","marql101","HOM","","","lower","1","1","1","","","1","1","","","","","","","","","","","","","","19480515","1","MNH01","NY5","L","regular",""
"HOM194805151","marql101","HOM","","","upper","1","","","","","1","0","","","","","","","","","","","","","","19480515","1","MNH01","NY5","L","regular",""
"BLG194805180","marql101","HOM","1","1","value","5","0","2","0","0","0","","0","","0","0","","","0","","","","","","","19480518","0","BAL14","BLG","L","regular","y"
"BLG194805180","marql101","HOM","1","1","lower","5","0","2","0","0","0","","0","","0","","","","0","","","","","","","19480518","0","BAL14","BLG","L","regular","y"
"BLG194805180","marql101","HOM","1","1","upper","5","0","2","0","0","0","","0","","0","","","","0","","","","","","","19480518","0","BAL14","BLG","L","regular","y"
"HOM194805190","marql101","HOM","1","1","value","3","2","1","0","0","0","","0","","0","1","","","0","","","","","","","19480519","0","HRB01","NY6","W","regular","y"
"HOM194805190","marql101","HOM","1","1","lower","3","2","1","","","","","","","","","","","","","","","","","","19480519","0","HRB01","NY6","W","regular","y"
"HOM194805190","marql101","HOM","1","1","upper","3","2","1","","","","","","","","","","","","","","","","","","19480519","0","HRB01","NY6","W","regular","y"
"HOM194805231","marql101","HOM","1","1","value","5","2","2","0","0","0","","0","","0","0","","","1","","","","","","","19480523","1","WAS09","PH5","L","regular","y"
"HOM194805231","marql101","HOM","1","1","lower","","2","2","","","","","","","","","","","","","","","","","","19480523","1","WAS09","PH5","L","regular","y"
"HOM194805231","marql101","HOM","1","1","upper","","2","2","","","","","","","","","","","","","","","","","","19480523","1","WAS09","PH5","L","regular","y"
"BLG194805280","marql101","HOM","1","1","value","4","1","1","0","0","0","","0","","0","0","","","0","","","","","","","19480528","0","BAL14","BLG","L","regular","y"
"BLG194805280","marql101","HOM","1","1","lower","4","1","1","0","0","0","","0","","0","0","","","0","","","","","","","19480528","0","BAL14","BLG","L","regular","y"
"BLG194805280","marql101","HOM","1","1","upper","4","1","1","0","0","0","","0","","0","0","","","1","","","","","","","19480528","0","BAL14","BLG","L","regular","y"
"BLG194805300","marql101","HOM","1","1","value","5","2","3","1","0","0","","0","","0","0","","","0","","","","","","","19480530","0","BAL14","BLG","W","regular","y"
"BLG194805300","marql101","HOM","1","1","lower","5","2","3","1","0","0","","0","","0","","","","0","","","","","","","19480530","0","BAL14","BLG","W","regular","y"
"BLG194805300","marql101","HOM","1","1","upper","5","2","3","1","0","0","","0","","0","","","","0","","","","","","","19480530","0","BAL14","BLG","W","regular","y"
"HOM194805311","marql101","HOM","","","value","","","1","1","","","3","","","","","","","","","","","","","","19480531","1","PIT06","BLG","W","regular",""
"HOM194805311","marql101","HOM","","","lower","1","","1","1","","","3","","","","","","","","","","","","","","19480531","1","PIT06","BLG","W","regular",""
"HOM194805311","marql101","HOM","","","upper","1","","3","1","","","3","","","","","","","","","","","","","","19480531","1","PIT06","BLG","W","regular",""
"NY6194806061","marql101","HOM","1","1","value","6","3","3","1","0","1","","0","","0","0","","","0","","","","","","","19480606","1","NYC14","NY6","W","regular","y"
"NY6194806061","marql101","HOM","1","1","lower","6","3","3","1","0","1","","0","","0","","","","0","","","","","","","19480606","1","NYC14","NY6","W","regular","y"
"NY6194806061","marql101","HOM","1","1","upper","6","3","3","1","0","1","","0","","0","","","","0","","","","","","","19480606","1","NYC14","NY6","W","regular","y"
"NY6194806062","marql101","HOM","","","value","","1","1","","","1","1","","","","","","","","","","","","","","19480606","2","NYC14","NY6","L","regular",""
"NY6194806062","marql101","HOM","","","lower","1","1","1","","","1","1","","","","","","","","","","","","","","19480606","2","NYC14","NY6","L","regular",""
"NY6194806062","marql101","HOM","","","upper","1","","","","","1","1","","","","","","","","","","","","","","19480606","2","NYC14","NY6","L","regular",""
"HOM194806110","marql101","HOM","1","1","value","5","1","3","0","1","2","2","0","","0","0","","","0","","","","","","","19480611","0","NWC01","NY5","W","regular","y"
"HOM194806110","marql101","HOM","1","1","lower","5","1","3","0","1","1","2","0","","0","","","","0","","","","","","","19480611","0","NWC01","NY5","W","regular","y"
"HOM194806110","marql101","HOM","1","1","upper","5","1","3","0","1","2","2","0","","0","","","","0","","","","","","","19480611","0","NWC01","NY5","W","regular","y"
"HOM194806150","marql101","HOM","","","value","","","3","","","","","","","","","","","","","","","","","","19480615","0","COL05","NY5","W","regular",""
"HOM194806150","marql101","HOM","","","lower","3","","3","","","","","","","","","","","","","","","","","","19480615","0","COL05","NY5","W","regular",""
"HOM194806150","marql101","HOM","","","upper","3","","3","","","","","","","","","","","","","","","","","","19480615","0","COL05","NY5","W","regular",""
"HOM194806170","marql101","HOM","1","1","value","4","1","1","0","0","0","","0","","0","1","","","0","","","","","","","19480617","0","WAS09","NY5","W","regular","y"
"HOM194806170","marql101","HOM","1","1","lower","3","1","1","0","0","0","","0","","0","","","","0","","","","","","","19480617","0","WAS09","NY5","W","regular","y"
"HOM194806170","marql101","HOM","1","1","upper","4","1","1","0","0","0","","0","","0","","","","0","","","","","","","19480617","0","WAS09","NY5","W","regular","y"
"HOM194806201","marql101","HOM","1","1","value","3","2","1","0","0","0","","0","","0","2","","","0","","","","","","","19480620","1","WAS09","PH5","W","regular","y"
"HOM194806201","marql101","HOM","1","1","lower","3","2","1","0","0","0","","0","","0","","","","0","","","","","","","19480620","1","WAS09","PH5","W","regular","y"
"HOM194806201","marql101","HOM","1","1","upper","3","2","1","0","0","0","","0","","0","","","","0","","","","","","","19480620","1","WAS09","PH5","W","regular","y"
"HOM194806202","marql101","HOM","1","1","value","3","0","0","0","0","0","","0","","0","0","","","0","","","","","","","19480620","2","WAS09","PH5","L","regular","y"
"HOM194806202","marql101","HOM","1","1","lower","3","0","0","0","0","0","","0","","0","","","","0","","","","","","","19480620","2","WAS09","PH5","L","regular","y"
"HOM194806202","marql101","HOM","1","1","upper","3","0","0","0","0","0","","0","","0","","","","0","","","","","","","19480620","2","WAS09","PH5","L","regular","y"
"BLG194806220","marql101","HOM","1","1","value","5","1","1","0","0","0","","0","","0","0","","","0","","","","","","","19480622","0","BAL14","BLG","L","regular","y"
"BLG194806220","marql101","HOM","1","1","lower","5","1","1","0","0","0","","0","","0","","","","0","","","","","","","19480622","0","BAL14","BLG","L","regular","y"
"BLG194806220","marql101","HOM","1","1","upper","5","1","1","0","0","0","","0","","0","","","","0","","","","","","","19480622","0","BAL14","BLG","L","regular","y"
"HOM194806271","marql101","HOM","1","1","value","4","0","0","0","0","0","","0","","0","0","","","0","","","","","","","19480627","1","WAS09","NY6","L","regular","y"
"HOM194806271","marql101","HOM","1","1","lower","4","0","0","0","0","0","","0","","0","0","","","0","","","","","","","19480627","1","WAS09","NY6","L","regular","y"
"HOM194806271","marql101","HOM","1","1","upper","4","0","0","0","0","0","","0","","0","0","","","0","","","","","","","19480627","1","WAS09","NY6","L","regular","y"
"HOM194806272","marql101","HOM","1","1","value","4","0","3","0","0","0","","0","","0","0","","","0","","","","","","","19480627","2","WAS09","NY6","W","regular","y"
"HOM194806272","marql101","HOM","1","1","lower","4","0","3","0","0","0","","0","","0","","","","0","","","","","","","19480627","2","WAS09","NY6","W","regular","y"
"HOM194806272","marql101","HOM","1","1","upper","4","0","3","0","0","0","","0","","0","","","","0","","","","","","","19480627","2","WAS09","NY6","W","regular","y"
"NW2194806290","marql101","HOM","1","1","value","4","1","0","0","0","0","0","0","","0","1","","","1","","","","","","","19480629","0","NWK04","NW2","W","regular","y"
"NW2194806290","marql101","HOM","1","1","lower","4","1","0","0","0","0","","0","","0","","","","1","","","","","","","19480629","0","NWK04","NW2","W","regular","y"
"NW2194806290","marql101","HOM","1","1","upper","4","1","0","0","0","0","","0","","0","","","","1","","","","","","","19480629","0","NWK04","NW2","W","regular","y"
"HOM194807010","marql101","HOM","1","1","value","5","1","2","0","1","0","","0","","0","0","","","0","","","","","","","19480701","0","WAS09","NW2","W","regular","y"
"HOM194807010","marql101","HOM","1","1","lower","5","1","2","0","0","0","","0","","0","","","","0","","","","","","","19480701","0","WAS09","NW2","W","regular","y"
"HOM194807010","marql101","HOM","1","1","upper","5","1","2","1","1","0","","0","","0","","","","0","","","","","","","19480701","0","WAS09","NW2","W","regular","y"
"NW2194807020","marql101","HOM","1","1","value","4","1","1","0","0","0","","0","","0","1","","","1","","","","","","","19480702","0","NWK04","NW2","W","regular","y"
"NW2194807020","marql101","HOM","1","1","lower","4","1","1","","","","","","","","","","","","","","","","","","19480702","0","NWK04","NW2","W","regular","y"
"NW2194807020","marql101","HOM","1","1","upper","4","1","1","","","","","","","","","","","","","","","","","","19480702","0","NWK04","NW2","W","regular","y"
"HOM194807041","marql101","HOM","1","1","value","4","2","2","0","0","0","1","0","","0","1","","","2","","","","","","","19480704","1","WAS09","NW2","L","regular","y"
"HOM194807041","marql101","HOM","1","1","lower","4","2","2","0","0","0","1","0","","0","","","","2","","","","","","","19480704","1","WAS09","NW2","L","regular","y"
"HOM194807041","marql101","HOM","1","1","upper","4","2","2","0","0","0","1","0","","0","","","","2","","","","","","","19480704","1","WAS09","NW2","L","regular","y"
"HOM194807042","marql101","HOM","1","1","value","2","0","0","0","0","0","","0","","1","0","","","1","","","","","","","19480704","2","WAS09","NW2","W","regular","y"
"HOM194807042","marql101","HOM","1","1","lower","2","0","0","0","0","0","","0","","1","","","","1","","","","","","","19480704","2","WAS09","NW2","W","regular","y"
"HOM194807042","marql101","HOM","1","1","upper","2","0","0","0","0","0","","0","","1","","","","1","","","","","","","19480704","2","WAS09","NW2","W","regular","y"
"BLG194807051","marql101","HOM","1","1","value","3","1","1","0","0","0","","0","","0","2","","","2","","","","","","","19480705","1","BAL14","BLG","W","regular","y"
"BLG194807051","marql101","HOM","1","1","lower","3","1","1","0","0","0","","0","","0","","","","2","","","","","","","19480705","1","BAL14","BLG","W","regular","y"
"BLG194807051","marql101","HOM","1","1","upper","3","1","1","0","0","0","","0","","0","","","","2","","","","","","","19480705","1","BAL14","BLG","W","regular","y"
"BLG194807052","marql101","HOM","1","1","value","4","2","2","0","0","0","","0","","0","0","","","1","","","","","","","19480705","2","BAL14","BLG","L","regular","y"
"BLG194807052","marql101","HOM","1","1","lower","4","2","2","0","0","0","","0","","0","","","","0","","","","","","","19480705","2","BAL14","BLG","L","regular","y"
"BLG194807052","marql101","HOM","1","1","upper","4","2","2","0","0","0","","0","","0","","","","1","","","","","","","19480705","2","BAL14","BLG","L","regular","y"
"HOM194807070","marql101","HOM","1","1","value","4","0","0","0","0","0","","0","","0","0","","","0","","","","","","","19480707","0","PIT06","IN9","W","exhibition","y"
"HOM194807070","marql101","HOM","1","1","lower","4","0","0","0","0","0","","0","","0","","","","0","","","","","","","19480707","0","PIT06","IN9","W","exhibition","y"
"HOM194807070","marql101","HOM","1","1","upper","4","0","0","0","0","0","","0","","0","","","","0","","","","","","","19480707","0","PIT06","IN9","W","exhibition","y"
"NY6194807181","marql101","HOM","1","1","value","5","0","1","1","0","0","","0","","0","0","","","0","","","","","","","19480718","1","NYC14","NY6","W","regular","y"
"NY6194807181","marql101","HOM","1","1","lower","3","0","1","1","0","0","","0","","0","","","","0","","","","","","","19480718","1","NYC14","NY6","W","regular","y"
"NY6194807181","marql101","HOM","1","1","upper","5","0","1","1","0","0","","0","","0","","","","0","","","","","","","19480718","1","NYC14","NY6","W","regular","y"
"NY6194807182","marql101","HOM","","","value","","1","11","","","","","","","","","","","","","","","","","","19480718","2","NYC14","NY6","W","regular",""
"NY6194807182","marql101","HOM","","","lower","1","1","11","","","","","","","","","","","","","","","","","","19480718","2","NYC14","NY6","W","regular",""
"NY6194807182","marql101","HOM","","","upper","1","","11","","","","","","","","","","","","","","","","","","19480718","2","NYC14","NY6","W","regular",""
"HOM194807190","marql101","HOM","1","1","value","5","0","0","0","0","0","","0","","0","0","","","0","","","","","","","19480719","0","CHE01","NY6","L","regular","y"
"HOM194807190","marql101","HOM","1","1","lower","5","0","0","0","0","0","","0","","0","","","","0","","","","","","","19480719","0","CHE01","NY6","L","regular","y"
"HOM194807190","marql101","HOM","1","1","upper","5","0","0","0","0","0","","0","","0","","","","0","","","","","","","19480719","0","CHE01","NY6","L","regular","y"
"BLG194807200","marql101","HOM","1","1","value","5","1","1","0","0","0","","0","","0","0","","","0","","","","","","","19480720","0","BAL14","BLG","L","regular","y"
"BLG194807200","marql101","HOM","1","1","lower","5","1","1","0","0","0","","0","","0","","","","0","","","","","","","19480720","0","BAL14","BLG","L","regular","y"
"BLG194807200","marql101","HOM","1","1","upper","5","1","1","0","0","0","","0","","0","","","","0","","","","","","","19480720","0","BAL14","BLG","L","regular","y"
"CVB194807251","marql101","HOM","","","value","5","1","4","","","1","1","","","","","","","","","","","","","","19480725","1","CLE06","CVB","W","exhibition",""
"CVB194807251","marql101","HOM","","","lower","5","1","4","","","1","1","","","","","","","","","","","","","","19480725","1","CLE06","CVB","W","exhibition",""
"CVB194807251","marql101","HOM","","","upper","5","","4","","","1","-1","","","","","","","","","","","","","","19480725","1","CLE06","CVB","W","exhibition",""
"HOM194807290","marql101","HOM","1","1","value","4","0","0","0","0","0","","0","","0","0","","","0","","","","","","","19480729","0","WAS09","BLG","L","regular","y"
"HOM194807290","marql101","HOM","1","1","lower","4","0","0","0","0","0","","0","","0","","","","0","","","","","","","19480729","0","WAS09","BLG","L","regular","y"
"HOM194807290","marql101","HOM","1","1","upper","4","0","0","0","0","0","","0","","0","","","","0","","","","","","","19480729","0","WAS09","BLG","L","regular","y"
"BLG194807300","marql101","HOM","1","1","value","4","1","1","0","0","0","","0","","0","0","","","0","","","","","","","19480730","0","BAL14","BLG","W","regular","y"
"BLG194807300","marql101","HOM","1","1","lower","4","1","1","0","0","0","","0","","0","","","","0","","","","","","","19480730","0","BAL14","BLG","W","regular","y"
"BLG194807300","marql101","HOM","1","1","upper","4","1","1","0","0","0","","0","","0","","","","0","","","","","","","19480730","0","BAL14","BLG","W","regular","y"
"HOM194808081","marql101","HOM","1","1","value","4","0","2","1","0","0","","0","","0","0","","","0","","","","","","","19480808","1","WAS09","NY5","W","regular","y"
"HOM194808081","marql101","HOM","1","1","lower","4","0","1","1","0","0","","0","","0","","","","0","","","","","","","19480808","1","WAS09","NY5","W","regular","y"
"HOM194808081","marql101","HOM","1","1","upper","4","0","1","1","0","0","","0","","0","","","","0","","","","","","","19480808","1","WAS09","NY5","W","regular","y"
"HOM194808082","marql101","HOM","1","1","value","3","1","0","0","0","0","","0","","0","0","","","1","","","","","","","19480808","2","WAS09","NY5","W","regular","y"
"HOM194808082","marql101","HOM","1","1","lower","3","1","0","0","0","0","","0","","0","","","","1","","","","","","","19480808","2","WAS09","NY5","W","regular","y"
"HOM194808082","marql101","HOM","1","1","upper","3","1","0","0","0","0","","0","","0","","","","1","","","","","","","19480808","2","WAS09","NY5","W","regular","y"
"NW2194808100","marql101","HOM","1","1","value","4","1","0","0","0","0","","0","","1","0","","","0","","","","","","","19480810","0","NWK04","NW2","L","regular","y"
"NW2194808100","marql101","HOM","1","1","lower","4","1","0","0","0","0","","0","","1","","","","0","","","","","","","19480810","0","NWK04","NW2","L","regular","y"
"NW2194808100","marql101","HOM","1","1","upper","4","1","0","0","0","0","","0","","1","","","","0","","","","","","","19480810","0","NWK04","NW2","L","regular","y"
"NW2194808110","marql101","HOM","1","1","value","3","0","0","0","0","0","","0","","1","0","","","0","","","","","","","19480811","0","TRE01","NW2","L","regular","y"
"NW2194808110","marql101","HOM","1","1","lower","3","0","0","0","0","0","","0","","1","","","","0","","","","","","","19480811","0","TRE01","NW2","L","regular","y"
"NW2194808110","marql101","HOM","1","1","upper","3","0","0","0","0","0","","0","","1","","","","0","","","","","","","19480811","0","TRE01","NW2","L","regular","y"
"HOM194808120","marql101","HOM","1","1","value","5","1","3","1","1","0","","0","","0","1","","","0","","","","","","","19480812","0","WAS09","NY6","W","regular","y"
"HOM194808120","marql101","HOM","1","1","lower","5","1","3","1","1","0","","0","","0","","","","0","","","","","","","19480812","0","WAS09","NY6","W","regular","y"
"HOM194808120","marql101","HOM","1","1","upper","5","1","3","1","1","0","","0","","0","","","","0","","","","","","","19480812","0","WAS09","NY6","W","regular","y"
"BLG194808130","marql101","HOM","1","1","value","4","1","0","0","0","0","","0","","0","0","","","0","","","","","","","19480813","0","BAL14","BLG","L","regular","y"
"BLG194808130","marql101","HOM","1","1","lower","4","1","0","0","0","0","","0","","0","","","","0","","","","","","","19480813","0","BAL14","BLG","L","regular","y"
"BLG194808130","marql101","HOM","1","1","upper","4","1","0","0","0","0","","0","","0","","","","0","","","","","","","19480813","0","BAL14","BLG","L","regular","y"
"IN9194808170","marql101","HOM","","","value","","1","1","","","1","1","","","","","","","","","","","","","","19480817","0","COL05","IN9","W","exhibition",""
"IN9194808170","marql101","HOM","","","lower","1","1","1","","","1","1","","","","","","","","","","","","","","19480817","0","COL05","IN9","W","exhibition",""
"IN9194808170","marql101","HOM","","","upper","1","","","","","1","-1","","","","","","","","","","","","","","19480817","0","COL05","IN9","W","exhibition",""
"ASW194808220","marql101","ASE","1","1","value","4","0","0","0","0","0","0","0","0","0","0","0","0","0","0","0","0","","","","19480822","0","CHI10","ASW","L","allstar","y"
"ASW194808220","marql101","ASE","1","1","lower","4","0","0","0","0","0","0","0","","0","","","","0","","","0","","","","19480822","0","CHI10","ASW","L","allstar","y"
"ASW194808220","marql101","ASE","1","1","upper","4","0","0","0","0","0","0","0","","0","","","","0","","","0","","","","19480822","0","CHI10","ASW","L","allstar","y"
"PH5194808232","marql101","HOM","1","1","value","4","0","1","0","0","0","0","0","","0","0","","","0","","","","","","","19480823","2","PHI11","PH5","L","regular","y"
"PH5194808232","marql101","HOM","1","1","lower","","0","1","","","","0","","","","","","","","","","","","","","19480823","2","PHI11","PH5","L","regular","y"
"PH5194808232","marql101","HOM","1","1","upper","","0","1","","","","0","","","","","","","","","","","","","","19480823","2","PHI11","PH5","L","regular","y"
"ASE194808240","marql101","ASE","1","1","value","5","1","1","0","0","1","2","0","0","0","0","0","0","0","0","0","0","","","","19480824","0","NYC16","ASW","W","allstar","y"
"ASE194808240","marql101","ASE","1","1","lower","5","1","1","0","0","1","2","0","","0","","","0","0","","","0","","","","19480824","0","NYC16","ASW","W","allstar","y"
"ASE194808240","marql101","ASE","1","1","upper","5","1","1","0","0","1","2","0","","0","","","0","0","","","0","","","","19480824","0","NYC16","ASW","W","allstar","y"
"HOM194808270","marql101","HOM","1","1","value","4","0","0","0","0","0","","0","","0","0","","","0","","","","","","","19480827","0","NWC01","PH5","W","regular","y"
"HOM194808270","marql101","HOM","1","1","lower","4","0","0","0","0","0","","0","","0","","","","0","","","","","","","19480827","0","NWC01","PH5","W","regular","y"
"HOM194808270","marql101","HOM","1","1","upper","4","0","0","0","0","0","","0","","0","","","","0","","","","","","","19480827","0","NWC01","PH5","W","regular","y"
"HOM194809051","marql101","HOM","1","1","value","4","1","2","0","0","0","","0","","0","1","","","3","","","","","","","19480905","1","WAS09","IN9","W","exhibition","y"
"HOM194809051","marql101","HOM","1","1","lower","4","1","2","0","0","0","","0","","0","","","","3","","","","","","","19480905","1","WAS09","IN9","W","exhibition","y"
"HOM194809051","marql101","HOM","1","1","upper","4","1","2","0","0","0","","0","","0","","","","3","","","","","","","19480905","1","WAS09","IN9","W","exhibition","y"
"HOM194809052","marql101","HOM","1","1","value","3","1","2","1","0","0","","0","","0","0","","","0","","","","","","","19480905","2","WAS09","KCM","W","exhibition","y"
"HOM194809052","marql101","HOM","1","1","lower","3","1","2","1","0","0","","0","","0","","","","0","","","","","","","19480905","2","WAS09","KCM","W","exhibition","y"
"HOM194809052","marql101","HOM","1","1","upper","3","1","2","1","0","0","","0","","0","","","","0","","","","","","","19480905","2","WAS09","KCM","W","exhibition","y"
"BLG194809061","marql101","HOM","1","1","value","4","1","0","0","0","0","","0","","0","1","","","2","","","","","","","19480906","1","BAL14","BLG","W","regular","y"
"BLG194809061","marql101","HOM","1","1","lower","4","1","0","0","0","0","","0","","0","","","","2","","","","","","","19480906","1","BAL14","BLG","W","regular","y"
"BLG194809061","marql101","HOM","1","1","upper","4","1","0","0","0","0","","0","","0","","","","2","","","","","","","19480906","1","BAL14","BLG","W","regular","y"
"NW2194809080","marql101","HOM","1","1","value","2","0","0","0","0","0","","0","","0","0","","","0","","","","","","","19480908","0","NWK04","NW2","W","regular","y"
"NW2194809080","marql101","HOM","1","1","lower","2","0","0","","","","","","","","","","","","","","","","","","19480908","0","NWK04","NW2","W","regular","y"
"NW2194809080","marql101","HOM","1","1","upper","2","0","0","","","","","","","","","","","","","","","","","","19480908","0","NWK04","NW2","W","regular","y"
"BLG194809140","marql101","HOM","1","1","value","5","3","2","0","0","0","0","0","0","0","0","0","0","0","0","0","0","","","","19480914","0","BAL14","BLG","W","lcs","y"
"BLG194809140","marql101","HOM","1","1","lower","5","3","2","0","0","0","0","0","","0","","","","0","","","0","","","","19480914","0","BAL14","BLG","W","lcs","y"
"BLG194809140","marql101","HOM","1","1","upper","5","3","2","0","0","0","0","0","","0","","","","0","","","0","","","","19480914","0","BAL14","BLG","W","lcs","y"
"HOM194809160","marql101","HOM","1","1","value","4","0","0","0","0","0","0","0","0","0","0","0","0","1","0","0","0","","","","19480916","0","BAL14","BLG","W","lcs","y"
"HOM194809160","marql101","HOM","1","1","lower","4","0","0","0","0","0","0","0","","0","","","","1","","","0","","","","19480916","0","BAL14","BLG","W","lcs","y"
"HOM194809160","marql101","HOM","1","1","upper","4","0","0","0","0","0","0","0","","0","","","","1","","","0","","","","19480916","0","BAL14","BLG","W","lcs","y"
"BLG194809170","marql101","HOM","1","1","value","4","0","1","0","0","0","1","0","","0","0","","","0","","","","","","","19480917","0","BAL14","BLG","T","championship","y"
"BLG194809170","marql101","HOM","1","1","lower","4","0","1","0","0","0","1","0","","0","","","","0","","","","","","","19480917","0","BAL14","BLG","T","championship","y"
"BLG194809170","marql101","HOM","1","1","upper","4","0","1","0","0","0","1","1","","0","","","","0","","","","","","","19480917","0","BAL14","BLG","T","championship","y"
"BLG194809190","marql101","HOM","1","1","value","4","0","0","0","0","0","0","0","","0","0","","","0","","","","","","","19480919","0","BAL14","BLG","L","championship","y"
"BLG194809190","marql101","HOM","1","1","lower","4","0","0","0","0","0","0","0","","0","","","","0","","","","","","","19480919","0","BAL14","BLG","L","championship","y"
"BLG194809190","marql101","HOM","1","1","upper","4","0","0","0","0","0","0","0","","0","","","","0","","","","","","","19480919","0","BAL14","BLG","L","championship","y"
"HOM194809260","marql101","HOM","1","1","value","4","0","1","1","0","0","1","0","0","0","0","0","0","0","0","0","0","","","","19480926","0","KAN05","BIR","W","championship","y"
"HOM194809260","marql101","HOM","1","1","lower","4","0","1","1","0","0","1","0","","0","","","","0","","","0","","","","19480926","0","KAN05","BIR","W","championship","y"
"HOM194809260","marql101","HOM","1","1","upper","4","0","1","1","0","0","1","0","","0","","","","0","","","0","","","","19480926","0","KAN05","BIR","W","championship","y"
"BIR194809290","marql101","HOM","1","1","value","5","1","2","0","0","0","0","0","0","0","0","0","1","0","0","0","0","","","","19480929","0","BIR01","BIR","W","championship","y"
"BIR194809290","marql101","HOM","1","1","lower","5","1","2","0","0","0","0","0","","0","","","","0","","","0","","","","19480929","0","BIR01","BIR","W","championship","y"
"BIR194809290","marql101","HOM","1","1","upper","5","1","2","0","0","0","0","0","","0","","","","0","","","0","","","","19480929","0","BIR01","BIR","W","championship","y"
"HOM194810030","marql101","HOM","","","value","","4","4","","","","3","","","","","","","","","","","","","","19481003","0","NOL01","BIR","W","championship",""
"HOM194810030","marql101","HOM","","","lower","4","4","4","","","","3","","","","","","","","","","","","","","19481003","0","NOL01","BIR","W","championship",""
"HOM194810030","marql101","HOM","","","upper","4","4","4","","","","3","","","","","","","","","","","","","","19481003","0","NOL01","BIR","W","championship",""
"BIR194810050","marql101","HOM","","","value","","1","1","1","","","","","","","","","","","","","","","","","19481005","0","BIR01","BIR","W","championship",""
"BIR194810050","marql101","HOM","","","lower","1","1","1","1","","","","","","","","","","","","","","","","","19481005","0","BIR01","BIR","W","championship",""
"BIR194810050","marql101","HOM","","","upper","1","","","1","","","","","","","","","","","","","","","","","19481005","0","BIR01","BIR","W","championship",""
