"gid","id","team","p_seq","stattype","p_ipouts","p_noout","p_bfp","p_h","p_d","p_t","p_hr","p_r","p_er","p_w","p_iw","p_k","p_hbp","p_wp","p_bk","p_sh","p_sf","p_sb","p_cs","p_pb","wp","lp","save","gs","gf","cg","date","number","site","opp","wl","gametype","box"
"KCM193705161","smith111","KCM","1","value","27","","27","0","0","0","0","0","0","1","","6","0","0","0","0","","","","","1","","","1","","1","19370516","1","KAN05","CAG","w","regular","y"
"ASW193708080","smith111","ASW","2","value","0","4","4","1","0","0","0","2","0","2","1","0","0","1","0","0","0","0","0","0","","","","","","","19370808","0","CHI10","ASE","l","allstar","y"
"KCM193708290","smith111","KCM","1","value","9","","","5","0","","0","3","","2","","2","0","0","0","","","","","","","","","1","","","19370829","0","KAN05","SDO","l","exhibition","y"
"CAG193709080","smith111","KCM","1","value","19","","32","10","","","0","2","2","2","","9","0","0","0","0","","","","","","","","1","","","19370908","0","DAY03","CAG","l","lcs","y"
"CAG193709130","smith111","KCM","2","value","14","","24","7","","","0","3","","1","","4","1","1","0","0","","","","","1","","","","1","","19370913","0","MIL03","CAG","w","lcs","y"
"KCM193709170","smith111","KCM","2","value","12","","15","2","","","0","0","0","1","","4","0","0","0","1","","","","","1","","","","1","","19370917","0","KAN05","CAG","w","lcs","y"
"NNL193709200","smith111","NAL","1","value","24","","","7","","","","3","","","","","","","","1","","","","","","1","","1","","1","19370920","0","IND10","NNL","l","allstar",""
"NNL193709261","smith111","NAL","3","value","6","","8","2","","","1","2","","0","","2","0","0","0","0","","","","","","","","","1","","19370926","1","BAL09","NNL","w","allstar","y"
"KCM193710050","smith111","KCM","3","value","9","0","12","2","0","1","0","0","0","0","0","3","1","0","0","0","0","0","0","0","","","","","1","","19371005","0","DAV01","MLS","l","exhibition","y"
"MLS193710090","smith111","KCM","2","value","9","","19","5","","","0","6","","3","","","0","0","0","0","","","","","","1","","","1","","19371009","0","MAN01","MLS","l","exhibition","y"
"MLS193710110","smith111","KCM","1","value","27","","32","3","","","0","0","0","1","","3","0","0","0","0","","","","","1","","","1","","1","19371011","0","OKC01","MLS","w","exhibition","y"
"CAG193804220","smith111","KCM","3","value","","","","","","","","","","","","","","","","","","","","","","","","","1","","19380422","0","MRT01","CAG","w","exhibition",""
"CAG193806180","smith111","KCM","1","value","27","","","7","","","0","0","0","","","","","","","","","","","","1","","","1","","1","19380618","0","CHI09","CAG","w","regular",""
"CAG193806280","smith111","KCM","2","value","15","","22","4","","","0","2","","3","","5","0","","","0","","","","","","","1","","1","","19380628","0","MIL03","CAG","w","regular","y"
"CAG193807120","smith111","KCM","1","value","27","","","7","","","","3","","","","","","","","","","","","","1","","","1","","1","19380712","0","STP02","CAG","w","exhibition",""
"CAG193807161","smith111","KCM","3","value","","","","","","","","","","","","","","","","","","","","","","","","","","","19380716","1","WIN01","CAG","w","regular",""
"KCM193807162","smith111","KCM","3","value","","","","","","","","","","","","","","","","","","","","","","","1","","1","","19380716","2","WIN01","CAG","w","regular",""
"KCM193807250","smith111","KCM","1","value","27","","","8","","","","2","","","","","","","","","","","","","1","","","1","","1","19380725","0","MRH01","CAG","w","exhibition",""
"KCM193808030","smith111","KCM","1","value","27","","34","8","1","","","3","","1","","","0","","","1","","","","","1","","","1","1","1","19380803","0","WIC01","MEM","w","regular","y"
"ASW193808210","smith111","ASW","2","value","12","0","16","3","1","0","0","1","1","1","0","3","0","0","0","0","0","0","1","0","1","","","","","","19380821","0","CHI10","ASE","w","allstar","y"
"CAG193808281","smith111","KCM","1","value","10","","","","","","","8","","","","","","","","","","","","","","1","","1","","","19380828","1","CHI09","CAG","l","exhibition",""
"CAG193808281","smith111","KCM","1","lower","10","","","","","","","6","","","","","","","","","","","","","","1","","1","","","19380828","1","CHI09","CAG","l","exhibition",""
"CAG193808281","smith111","KCM","1","upper","10","","","","","","","9","","","","","","","","","","","","","","1","","1","","","19380828","1","CHI09","CAG","l","exhibition",""
"BIR193809042","smith111","KCM","1","value","21","","","10","","","","6","","","","","","","","","","","","","1","","","1","","1","19380904","2","BIR01","BIR","w","regular",""
"MEM193904160","smith111","KCM","1","value","15","","","","","","","2","","","","","","","","","","","","","1","","","1","","1","19390416","0","MNL01","MEM","w","exhibition",""
"HOM193904231","smith111","KCM","2","value","9","0","12","2","1","0","0","1","1","2","0","4","0","0","0","0","0","1","0","0","","","","","1","","19390423","1","NOL01","HOM","l","exhibition","y"
"HOM193904250","smith111","KCM","3","value","9","0","16","5","1","0","0","4","2","0","0","2","0","0","0","0","0","0","0","0","","","","","1","","19390425","0","NOL01","HOM","l","exhibition","y"
"KCM193904300","smith111","KCM","1","value","18","5","26","7","2","0","0","5","3","1","0","4","0","0","0","1","0","0","1","0","","","","1","","","19390430","0","DAL01","CAG","w","exhibition","y"
"KCM193905040","smith111","KCM","2","value","12","","","1","1","","","0","","","","6","","","","","","","","","","","","","1","","19390504","0","TUL01","CAG","w","exhibition",""
"KCM193905141","smith111","KCM","1","value","27","0","34","7","1","0","0","2","2","1","0","5","0","0","0","1","0","0","0","1","1","","","1","","1","19390514","1","KAN05","MEM","w","regular","y"
"CAG193905200","smith111","KCM","1","value","24","0","33","6","0","0","1","4","1","1","0","2","0","0","0","0","0","2","0","0","","1","","1","","1","19390520","0","CHI09","CAG","l","regular","y"
"KCM193905281","smith111","KCM","2","value","9","0","9","0","0","0","0","0","0","0","0","2","0","0","0","0","0","0","0","0","","","1","","1","","19390528","1","KAN05","ATN","w","regular","y"
"KCM193905301","smith111","KCM","1","value","20","0","31","7","0","1","0","6","3","2","0","10","1","1","0","2","0","3","0","1","","1","","1","","","19390530","1","KAN05","CV9","l","regular","y"
"KCM193906041","smith111","KCM","2","value","2","0","2","0","0","0","0","0","0","0","0","0","0","0","0","0","0","0","0","0","","","1","","1","","19390604","1","KAN05","SSA","w","regular","y"
"KCM193906042","smith111","KCM","3","value","3","0","3","0","0","0","0","0","0","0","0","1","0","0","0","0","0","1","0","0","","","1","","1","","19390604","2","KAN05","SSA","w","regular","y"
"MEM193906112","smith111","KCM","1","value","21","","","9","","","","1","","","","","","","","","","","","","1","","","1","","1","19390611","2","OKC01","MEM","w","regular",""
"MEM193906140","smith111","KCM","4","value","3","","3","0","0","0","0","0","0","0","0","0","0","0","0","0","0","","","","","","","","1","","19390614","0","WIC01","MEM","l","regular","y"
"CV9193906181","smith111","KCM","1","value","27","","33","7","0","0","0","0","0","0","","8","0","0","0","0","","","","","1","","","1","","1","19390618","1","CLE07","CV9","w","regular","y"
"KCM193907021","smith111","KCM","1","value","27","0","36","10","0","1","0","2","1","2","0","8","0","0","0","2","0","1","0","0","","","","1","","","19390702","1","KAN05","CAG","w","regular","y"
"KCM193907091","smith111","KCM","1","value","27","0","35","5","1","0","0","5","1","2","0","8","2","0","0","0","0","2","0","2","","1","","1","","1","19390709","1","KAN05","SSA","l","regular","y"
"KCM193907142","smith111","KCM","1","value","27","","","6","","","","0","0","","","9","","","","","","","","","1","","","1","","1","19390714","2","WIN01","CAG","w","exhibition",""
"CAG193907190","smith111","KCM","1","value","12","0","18","3","0","1","0","2","2","2","0","2","0","1","0","1","0","0","0","0","","","","1","","","19390719","0","REG01","CAG","w","regular","y"
"KCM193907230","smith111","KCM","1","value","17","0","28","6","1","0","0","4","2","3","0","4","1","0","0","1","0","0","0","0","","","","1","","","19390723","0","BIS01","CAG","l","exhibition","y"
"CAG193907301","smith111","KCM","2","value","15","0","17","3","0","0","0","1","1","1","0","3","0","0","0","0","1","1","0","0","1","","","","1","","19390730","1","CHI09","CAG","w","regular","y"
"TLC193908010","smith111","KCM","1","value","3","0","4","1","0","0","0","0","0","0","0","1","0","0","0","0","0","0","0","0","","","","1","","","19390801","0","DCT02","TLC","w","regular","y"
"ASW193908060","smith111","ASW","2","value","12","0","12","0","0","0","0","0","0","1","0","3","0","0","0","0","0","0","1","0","","","","","","","19390806","0","CHI10","ASE","w","allstar","y"
"KCM193908080","smith111","KCM","1","value","27","","","5","","","","0","","","","12","","","","","","","","","1","","","1","","1","19390808","0","OKC01","TLC","w","regular",""
"MEM193908130","smith111","KCM","2","value","9","0","13","3","1","0","0","0","0","1","0","4","0","0","0","0","1","2","0","0","1","","","","1","","19390813","0","MEM02","MEM","w","regular","y"
"ASE193908270","smith111","ASW","3","value","9","0","17","4","1","1","0","4","4","2","0","0","0","0","0","0","0","0","0","0","","","","","1","","19390827","0","NYC16","ASE","l","allstar","y"
"KCM193908310","smith111","KCM","1","value","27","0","36","8","0","1","0","1","1","2","0","12","0","0","0","2","0","0","0","1","1","","","1","","1","19390831","0","OKC01","SSA","w","lcs","y"
"KCM193909031","smith111","KCM","2","value","6","0","7","0","0","0","0","0","0","1","0","3","0","0","0","1","0","0","0","0","1","","","","1","","19390903","1","KAN05","SSA","w","lcs","y"
"KCM193909040","smith111","KCM","2","value","9","0","12","3","0","0","0","0","0","0","0","4","0","0","0","0","0","0","0","0","","","1","","1","","19390904","0","KAN05","SSA","w","lcs","y"
"MEM193909080","smith111","KCM","2","value","","","","","","","","","","","","","","","","","","","","","","","","","1","","19390908","0","MEM02","MEM","l","exhibition",""
"MEM193909120","smith111","KCM","1","value","27","","","","","","","3","","","","8","","","","","","","","","1","","","1","","1","19390912","0","MTG01","MEM","w","exhibition",""
"MEM193909130","smith111","KCM","3","value","3","","3","0","0","0","0","0","0","0","0","1","0","0","0","0","","","","","","","1","","1","","19390913","0","MAC01","MEM","w","exhibition","y"
"MEM193909171","smith111","KCM","1","value","27","","32","7","1","0","0","1","","0","","3","0","0","0","1","","","","","1","","","1","","1","19390917","1","NOL01","MEM","w","exhibition","y"
"MEM193909200","smith111","KCM","1","value","","","","","","","","","","","","","","","","","","","","","","","1","","1","","19390920","0","MNL01","MEM","w","exhibition",""
"MEM193909220","smith111","KCM","3","value","","","","","","","","","","","","","","","","","","","","","","","","","","","19390922","0","LRK01","MEM","l","exhibition",""
"KCM193909241","smith111","KCM","1","value","27","","","7","","","","2","","","","","","","","","","","","","1","","","1","","1","19390924","1","OKC01","MEM","w","exhibition",""
"BIR194005122","smith111","KCM","1","value","2","","9","5","0","0","0","4","","0","0","1","2","0","0","","0","","","","","1","","1","","","19400512","2","BIR01","BIR","l","regular","y"
"MEM194005160","smith111","KCM","3","value","","","","","","","","","","","","","","","","","","","","","","","","","1","","19400516","0","LRK02","MEM","w","exhibition",""
"MEM194005191","smith111","KCM","1","value","27","","36","5","1","0","0","3","","1","","1","0","0","0","0","","","","","1","","","1","","1","19400519","1","MEM02","MEM","w","regular","y"
"KCM194005240","smith111","KCM","3","value","3","","3","0","0","0","0","0","","0","0","","0","0","0","","0","","","","","","","","1","","19400524","0","WIC01","MEM","w","regular","y"
"KCM194005262","smith111","KCM","1","value","21","","24","3","0","0","1","1","1","1","","5","0","0","0","0","","","","","1","","","1","","1","19400526","2","KAN05","MEM","w","regular","y"
"CV9194006022","smith111","KCM","2","value","3","","3","0","0","0","0","0","","0","0","3","0","0","0","0","0","","","","","","1","","1","","19400602","2","CLE06","CV9","w","regular","y"
"KCM194006092","smith111","KCM","2","value","7","","13","4","0","0","0","4","","2","0","2","0","0","0","1","0","","","","","1","","","1","","19400609","2","KAN05","CAG","l","regular","y"
"CAG194006161","smith111","KCM","2","value","1","","1","0","0","0","0","0","","0","0","0","0","0","0","","0","","","","","","","","1","","19400616","1","CHI09","CAG","w","regular","y"
"HOM194006200","smith111","KCM","1","value","15","","24","7","0","0","0","4","","2","0","","0","0","0","1","0","","","","","1","","1","","","19400620","0","PIT06","HOM","l","exhibition","y"
"IN8194006270","smith111","KCM","3","value","3","","4","1","0","0","0","0","","0","0","3","0","0","0","","0","","","","","","","","1","","19400627","0","IND10","IN8","l","regular","y"
"IN8194006280","smith111","KCM","3","value","3","","","3","","","","2","","","","","","","","","","","","","","1","","","1","","19400628","0","IND10","IN8","l","regular",""
"KCM194006301","smith111","KCM","1","value","21","","33","9","1","1","0","5","","3","0","6","0","0","0","1","0","","","","","1","","1","","","19400630","1","KAN05","SNO","l","regular","y"
"KCM194007040","smith111","KCM","1","value","27","","33","3","0","0","0","2","1","1","","14","0","0","0","1","","","","","1","","","1","","1","19400704","0","KAN05","BIR","w","regular","y"
"KCM194007072","smith111","KCM","1","value","21","","25","3","1","0","0","1","","0","","4","0","0","0","0","","","","","1","","","1","","1","19400707","2","KAN05","MEM","w","regular","y"
"CAG194007281","smith111","KCM","3","value","8","","11","3","0","0","0","2","","1","0","3","0","0","0","0","0","","","","","","","","1","","19400728","1","CHI09","CAG","w","regular","y"
"KCM194008020","smith111","KCM","3","value","17","","21","2","0","0","0","1","","3","0","12","0","0","0","0","0","","","","","","","","1","","19400802","0","BEL01","IN8","t","regular","y"
"BIR194008041","smith111","KCM","2","value","3","","4","1","0","0","0","0","","0","0","","0","0","0","","0","","","","","","","","1","","19400804","1","BIR01","BIR","l","regular","y"
"SNO194008120","smith111","KCM","3","value","","","","","","","","0","0","","","","","","","","","","","","","","","","1","","19400812","0","TUL01","SNO","w","regular",""
"KCM194008140","smith111","KCM","3","value","9","","10","0","0","0","0","0","0","1","0","7","0","0","0","0","0","","","","","","","","1","","19400814","0","SHW01","IN8","w","regular","y"
"ASW194008180","smith111","ASW","4","value","9","0","15","4","0","1","0","3","2","0","0","3","1","0","0","0","0","0","0","0","","","","","1","","19400818","0","CHI10","ASE","l","allstar","y"
"KCM194009022","smith111","KCM","1","value","21","","","4","","","","0","0","","","","","","","","","","","","1","","","1","","1","19400902","2","OKC01","BIR","w","regular",""
"CAG194009081","smith111","KCM","2","value","","","","","","","","","","","","","","","","","","","","","","","","","1","","19400908","1","CHI09","CAG","w","regular",""
"MEM194105150","smith111","KCM","2","value","","","","","","","","","","","","","","","","","","","","","","1","","","","","19410515","0","LRK02","MEM","l","regular",""
"CAG194105182","smith111","KCM","1","value","12","","","","","","","4","","","","","","","","","","","","","","","","1","","","19410518","2","CHI10","CAG","l","regular",""
"KCM194105200","smith111","KCM","1","value","12","","16","3","0","0","0","1","0","1","0","","0","0","0","","0","","","","","","","1","","","19410520","0","SPR05","MEM","l","regular","y"
"KCM194105210","smith111","KCM","1","value","33","","","","","","","4","","","","","","","","","","","","","","","","1","","1","19410521","0","MUS01","MEM","t","regular",""
"KCM194105250","smith111","KCM","2","value","15","","22","7","0","0","0","2","","2","0","2","0","0","0","1","0","","","","1","","","","","","19410525","0","KAN05","MEM","w","regular","y"
"KCM194106012","smith111","KCM","1","value","21","","27","7","2","0","0","3","3","0","","1","0","0","0","2","","","","","1","","","1","","1","19410601","2","KAN05","JAX","w","regular","y"
"KCM194106110","smith111","KCM","1","value","36","","42","6","0","0","0","0","0","2","","12","0","0","0","2","","","","","1","","","1","","1","19410611","0","KAN05","CAG","w","regular","y"
"KCM194106292","smith111","KCM","1","value","21","","26","7","0","0","0","2","","1","","3","0","0","0","0","","","","","1","","","1","","1","19410629","2","KAN05","NY5","w","exhibition","y"
"CAG194107040","smith111","KCM","2","value","15","","19","4","0","0","0","1","","0","0","1","0","0","0","0","0","","","","","","","","1","","19410704","0","STL07","CAG","w","regular","y"
"KCM194107070","smith111","KCM","1","value","27","","35","7","0","0","0","2","","2","","8","0","0","0","0","","","","","1","","","1","","1","19410707","0","KAN05","CAG","w","regular","y"
"KCM194107110","smith111","KCM","1","value","27","","","","","","","3","","","","","","","","","","","","","1","","","1","","1","19410711","0","WFL01","BIR","w","regular",""
"PH5194107170","smith111","KCM","2","value","18","","","2","","","","1","1","","","9","","","","","","","","","1","","","","1","","19410717","0","PHI17","PH5","w","exhibition",""
"NY6194107201","smith111","KCM","2","value","12","","16","4","0","0","0","2","2","1","0","1","0","0","0","","0","","","","","","","","1","","19410720","1","NYC16","NY6","w","exhibition","y"
"NY5194107240","smith111","KCM","1","value","27","","37","8","0","1","2","2","2","3","","10","0","0","0","0","","","","","1","","","1","","1","19410724","0","HRB01","NY5","w","exhibition","y"
"ASW194107270","smith111","ASW","1","value","9","0","14","2","0","0","0","2","0","0","0","3","0","0","0","1","0","2","0","1","","1","","1","","","19410727","0","CHI10","ASE","l","allstar","y"
"KCM194107300","smith111","KCM","2","value","21","","","3","","","","0","0","","","5","","","","","","","","","1","","","","1","","19410730","0","CHA01","JAX","w","regular",""
"SNO194108032","smith111","KCM","2","value","9","","9","0","0","0","0","0","0","0","0","1","0","0","0","","0","","","","1","","","","1","","19410803","2","CLE06","SNO","w","regular","y"
"KCM194108102","smith111","KCM","1","value","21","","28","8","1","0","0","3","","0","","5","0","0","0","1","","","","","1","","","1","","1","19410810","2","KAN05","SNO","w","regular","y"
"KCM194108120","smith111","KCM","1","value","9","","12","4","0","0","0","1","0","0","0","2","0","0","0","1","0","","","","","","","1","","","19410812","0","DAV01","SNO","l","regular","y"
"KCM194108171","smith111","KCM","1","value","27","","32","4","1","0","0","0","0","1","","7","0","0","0","0","","","","","1","","","1","","1","19410817","1","KAN05","BLG","w","exhibition","y"
"NW2194108241","smith111","KCM","2","value","12","","17","3","0","0","0","1","1","2","0","2","0","0","0","0","0","","","","","","","","1","","19410824","1","NYC16","NW2","w","exhibition","y"
"CAG194108310","smith111","KCM","2","value","9","","","2","","","","0","","","","","","","","","","","","","","","","","1","","19410831","0","CHI10","CAG","w","regular",""
"KCM194109020","smith111","KCM","1","value","9","","13","3","0","0","0","1","","1","0","","0","0","0","","0","","","","1","","","1","","","19410902","0","BEL01","CAG","w","regular","y"
"CAG194109142","smith111","KCM","1","value","9","","","","","","","0","","","","","","","","","","","","","1","","","1","","","19410914","2","DET04","CAG","w","exhibition",""
"MLS194110050","smith111","KCM","2","value","9","","14","4","","","0","0","0","1","","6","0","0","0","0","","","","","","","","","1","","19411005","0","STL07","MLS","l","exhibition","y"
"KCM194204150","smith111","KCM","4","value","9","","","","","0","0","2","","1","","1","0","0","0","","","","","","1","","","","1","","19420415","0","PTA01","JAX","w","exhibition",""
"BIR194204191","smith111","KCM","2","value","3","","3","0","0","0","0","0","0","0","0","0","0","0","0","0","0","","","","","","","","","","19420419","1","BIR01","BIR","l","exhibition","y"
"KCM194204261","smith111","KCM","1","value","21","","35","11","0","0","0","4","","1","0","0","0","1","0","","0","","","","","","","1","","","19420426","1","NOL01","HOM","w","exhibition","y"
"MEM194205032","smith111","KCM","2","value","9","","11","2","0","0","0","0","","0","0","","0","0","0","","0","","","","","","","","1","","19420503","2","MEM02","MEM","w","exhibition","y"
"CAG194205101","smith111","KCM","1","value","27","","36","7","0","0","0","4","","0","","6","0","0","0","0","","","","","1","","","1","","1","19420510","1","CHI10","CAG","w","regular","y"
"KCM194205190","smith111","KCM","1","value","27","","","","","","","3","","","","","","","","","","","","","","1","","1","","1","19420519","0","MUS01","MEM","l","regular",""
"ASD194205240","smith111","KCM","2","value","9","0","9","1","0","0","0","0","0","0","0","3","0","0","0","0","0","0","0","0","1","","","","1","","19420524","0","CHI11","ASD","w","exhibition","y"
"KCM194205301","smith111","KCM","1","value","27","","36","7","0","1","0","4","","1","","6","0","0","0","0","","","","","1","","","1","","1","19420530","1","KAN05","CAG","w","regular","y"
"KCM194206020","smith111","KCM","2","value","","","","","","","","","","","","","","","","","","","","","","","","","1","","19420602","0","OKC01","BIR","w","regular",""
"BIR194206071","smith111","KCM","1","value","24","","43","17","1","0","0","12","12","2","","4","0","0","0","2","","","","","","1","","1","","1","19420607","1","BIR01","BIR","l","regular","y"
"CCB194206150","smith111","KCM","2","value","6","","7","2","0","0","0","0","","0","0","2","0","0","0","0","0","","","","1","","","","1","","19420615","0","YOU01","CCB","w","regular","y"
"HOM194206180","smith111","KCM","2","value","13","","19","3","0","0","0","2","","4","0","2","0","0","0","0","0","","","","","1","","","1","","19420618","0","WAS09","HOM","l","exhibition","y"
"KCM194206220","smith111","KCM","1","value","27","","","9","","","","3","","","","","","","","","","","","","1","","","1","","1","19420622","0","BEL01","MEM","w","regular",""
"CAG194206280","smith111","KCM","2","value","27","","36","7","0","0","1","4","","3","0","4","0","1","0","1","0","","","","1","","","","1","","19420628","0","MIL03","CAG","w","regular","y"
"MEM194207041","smith111","KCM","1","value","29","","45","14","2","0","0","7","","4","","2","0","0","0","1","","","","","","1","","1","","1","19420704","1","MEM02","MEM","l","regular","y"
"KCM194207261","smith111","KCM","1","value","15","","24","10","0","0","1","7","","1","0","6","0","0","0","1","0","","","","","1","","1","","","19420726","1","CHI11","MEM","l","regular","y"
"NY6194208022","smith111","KCM","2","value","9","","10","0","0","0","0","0","0","1","0","4","0","0","0","","0","","","","","","","","1","","19420802","2","NYC16","NY6","w","exhibition","y"
"PH5194208060","smith111","KCM","2","value","18","","25","4","0","0","0","2","","3","0","8","0","0","0","","0","","","","1","","","","1","","19420806","0","PHI17","PH5","w","exhibition","y"
"ASW194208160","smith111","ASW","1","value","9","0","13","4","2","0","0","1","1","0","0","3","0","0","0","0","0","0","0","0","","","","1","","","19420816","0","CHI10","ASE","l","allstar","y"
"CI2194208210","smith111","KCM","3","value","9","","11","2","0","0","0","0","0","0","0","3","0","0","0","0","0","","","","","","1","","1","","19420821","0","CIN07","CI2","w","exhibition","y"
"HOM194209100","smith111","KCM","1","value","15","0","22","5","0","0","0","0","0","2","0","1","1","0","0","1","0","0","1","0","1","","","1","","","19420910","0","PIT06","HOM","w","championship","y"
"KCM194209222","smith111","KCM","1","value","","","","","1","","","1","","","","","","","","","","","","","","","","1","","","19420922","2","STJ01","BIR","l","exhibition",""
"KCM194209222","smith111","KCM","1","upper","","","","","1","","","2","","","","","","","","","","","","","","1","","","","","19420922","2","STJ01","BIR","l","exhibition",""
"HOM194210040","smith111","KCM","2","value","15","","","","","","","1","","","","","","","","","","","","","","","1","","1","","19421004","0","POR01","HOM","w","exhibition",""
"KCM194304270","smith111","KCM","1","value","6","","","2","","","","0","","","","","","","","","","","","","","","","1","","","19430427","0","NOL01","BIR","w","exhibition",""
"BIR194305022","smith111","KCM","1","value","15","","20","5","0","0","0","2","","4","0","","0","0","0","","0","","","","","","","1","","","19430502","2","BIR01","BIR","l","exhibition","y"
"KCM194305140","smith111","KCM","1","value","15","","16","2","","","","0","0","0","","","","","","","","","","","1","","","1","","","19430514","0","OKC02","CAG","w","regular",""
"KCM194305231","smith111","KCM","2","value","18","","21","3","0","0","0","1","0","0","0","1","0","0","0","1","0","","","","","1","","","1","","19430523","1","KAN05","CVB","l","regular","y"
"CAG194305311","smith111","KCM","1","value","9","2","17","7","0","0","0","3","","1","0","2","0","0","0","0","0","","","","","","","1","","","19430531","1","CHI10","CAG","w","regular","y"
"CAG194306010","smith111","KCM","3","value","","","","","","","","","","","","","","","","","","","","","","","","","1","","19430601","0","IND10","CAG","l","regular",""
"CVB194306062","smith111","KCM","2","value","9","","14","5","0","0","0","2","2","0","0","2","1","0","0","0","0","","","","1","","","","1","","19430606","2","CLE06","CVB","w","regular","y"
"KCM194306110","smith111","KCM","1","value","30","","37","7","0","0","0","3","","1","0","5","0","0","0","0","0","","","","","","","1","","","19430611","0","SPR04","MEM","w","regular","y"
"HOM194306202","smith111","KCM","2","value","9","","13","3","0","0","0","2","","1","0","0","0","0","0","","0","","","","","","","","1","","19430620","2","WAS09","HOM","l","exhibition","y"
"BLG194306240","smith111","KCM","1","value","27","","30","5","0","1","0","0","0","3","","6","0","0","0","0","","","","","1","","","1","","1","19430624","0","BAL14","BLG","w","exhibition","y"
"KCM194307020","smith111","KCM","1","value","27","","","6","1","","","2","1","","","","","","","","","","","","","1","","1","","1","19430702","0","BEL01","MEM","l","regular",""
"KCM194307111","smith111","KCM","1","value","27","","34","7","0","0","0","2","","0","","6","0","0","0","2","","","","","1","","","1","","1","19430711","1","KAN05","BIR","w","regular","y"
"KCM194307182","smith111","KCM","1","value","21","","25","2","1","0","0","2","","1","","","0","0","0","0","","","","","","1","","1","","1","19430718","2","KAN05","CAG","l","regular","y"
"CI2194308012","smith111","KCM","1","value","18","","","11","","","","9","","","","","","","","","","","","","","1","","1","","1","19430801","2","LOU05","CI2","l","exhibition",""
"KCM194308180","smith111","KCM","1","value","27","","","6","","","","2","","","","","","","","","","","","","1","","","1","","1","19430818","0","NOL01","CI2","w","regular",""
"KCM194308260","smith111","KCM","2","value","12","","14","1","0","0","0","0","0","0","0","","0","0","0","0","0","","","","","","1","","1","","19430826","0","KAN05","CI2","w","regular","y"
"KCM194309170","smith111","KCM","1","value","1","","","","","","","4","","","","","","","","","","","","","","1","","1","","","19430917","0","OKC02","CI2","l","exhibition",""
"KCM194404090","smith111","KCM","1","value","12","","","8","","","","2","","","","","","","","","","","","","","1","","1","","","19440409","0","NOL01","NY6","l","exhibition",""
"CIA194404190","smith111","KCM","1","value","","","","","","","","","","","","","","","","","","","","","","1","","1","","","19440419","0","SAT01","CIA","l","exhibition",""
"KCM194404260","smith111","KCM","1","value","27","","46","12","2","0","0","10","7","5","","3","0","0","0","0","","","","","","1","","1","","1","19440426","0","OKC02","CIA","l","exhibition","y"
"KCM194405090","smith111","KCM","1","value","","","","","","","","","","","","","","","","","","","","","","1","","1","","","19440509","0","HOU04","MEM","l","regular",""
"BIR194405141","smith111","KCM","2","value","20","","25","4","0","0","0","0","0","1","0","0","0","0","0","1","0","","","","","","","","1","","19440514","1","BIR01","BIR","l","regular","y"
"KCM194405220","smith111","KCM","1","value","15","","19","3","0","0","0","2","","1","0","","0","0","0","","0","","","","1","","","1","","","19440522","0","KAN05","MEM","w","regular","y"
"KCM194405282","smith111","KCM","3","value","3","","4","1","0","0","0","0","","0","0","","0","0","0","0","0","","","","","","1","","1","","19440528","2","KAN05","CAG","w","regular","y"
"HOM194406252","smith111","KCM","3","value","","","","","","","","1","","","","","","","","","","","","","","","","","","","19440625","2","WAS09","HOM","w","exhibition",""
"HOM194406252","smith111","KCM","3","upper","","","","","","","","4","","","","","","","","","","","","","","","","","","","19440625","2","WAS09","HOM","w","exhibition",""
"BIR194407150","smith111","KCM","1","value","24","","","","","","","6","","","","","","","","","","","","","","","","1","","1","19440715","0","NOL01","BIR","l","regular",""
"KCM194407200","smith111","KCM","1","value","6","","14","6","0","0","0","6","","1","0","","0","0","0","","0","","","","","1","","1","","","19440720","0","KAN05","BIR","l","regular","y"
"KCM194408140","smith111","KCM","1","value","21","","31","7","0","0","0","4","","2","0","","0","0","0","","0","","","","","1","","1","","","19440814","0","KAN05","CIA","l","exhibition","y"
"BIR194408282","smith111","KCM","2","value","9","0","10","1","0","0","0","0","0","1","0","2","0","0","0","0","0","0","0","0","","","1","","1","","19440828","2","PHI11","BIR","w","regular","y"
"KCM194409032","smith111","KCM","1","value","21","","29","8","1","1","0","4","","4","","","0","0","0","0","","","","","","1","","1","","1","19440903","2","KAN05","MEM","l","regular","y"
"KCM194409120","smith111","KCM","1","value","27","","35","5","1","0","0","3","1","3","","3","0","0","0","1","","","","","","1","","1","","1","19440912","0","OKC02","CIA","l","exhibition","y"
"KCM194409171","smith111","KCM","2","value","15","","","3","","","","0","","","","","","","","","","","","","","","","","1","","19440917","1","NOL01","CIA","l","exhibition",""
"CIA194409210","smith111","KCM","1","value","24","","","11","","","","3","","","","","","","","","","","","","","1","","1","","1","19440921","0","DAL01","CIA","l","exhibition",""
"MLS194410110","smith111","KCR","1","value","15","","25","8","0","0","0","4","","2","0","","1","0","0","1","0","","","","","","","1","","","19441011","0","LOS02","MLS","l","exhibition","y"
"KCR194410180","smith111","KCR","1","value","9","","16","6","0","0","0","4","","1","0","","1","0","0","1","0","","","","","1","","1","","","19441018","0","LOS02","BIR","l","exhibition","y"
"KCR194410221","smith111","KCR","1","value","27","","","5","","","","1","","","","","","","","","","","","","1","","","1","","1","19441022","1","LOS05","MLS","w","exhibition",""
"KCR194411080","smith111","KCR","2","value","","","","","","","","","","","","","","","","","","","","","","","","","1","","19441108","0","LOS02","BIR","l","exhibition",""
"MEM194504150","smith111","KCM","2","value","13","","19","4","0","0","1","4","","2","0","0","0","1","0","0","0","","","","","","","","","","19450415","0","MEM02","MEM","l","exhibition","y"
"KCM194504220","smith111","KCM","1","value","18","","20","2","0","0","0","0","0","0","0","4","0","0","0","0","0","","","","1","","","1","","","19450422","0","NOL01","CIA","w","exhibition","y"
"CIA194504300","smith111","KCM","2","value","","","","","","","","","","","","","","","","","","","","","","","","","","","19450430","0","HOU04","CIA","l","exhibition",""
"KCM194505131","smith111","KCM","1","value","27","","31","5","1","0","1","3","","0","","2","0","0","0","0","1","","","","1","","","1","","1","19450513","1","KAN05","BIR","w","regular","y"
"CAG194505210","smith111","KCM","2","value","3","","","","","","","","","","","","","","","","","","","","","","","","1","","19450521","0","DAY03","CAG","w","regular",""
"CAG194505210","smith111","KCM","2","upper","6","","","","","","","","","","","","","","","","","","","","","","","","","","19450521","0","DAY03","CAG","w","regular",""
"CAG194505250","smith111","KCM","1","value","27","","36","8","0","0","0","4","","2","","5","0","0","0","2","","","","","1","","","1","","1","19450525","0","SPR03","CAG","w","regular","y"
"CAG194505302","smith111","KCM","1","value","18","","","5","","","","2","","","","","","","","","","","","","","1","","1","","1","19450530","2","CHI10","CAG","l","regular",""
"BIR194506060","smith111","KCM","1","value","30","","","5","","","","0","0","","","","","","","","","","","","","","","1","","1","19450606","0","BIR01","BIR","t","regular",""
"KCM194506110","smith111","KCM","1","value","24","5","37","7","0","0","0","6","","3","0","8","0","0","0","","0","","","","1","","","1","","","19450611","0","KAN05","CIA","w","regular","y"
"HOM194506230","smith111","KCM","1","value","24","","42","14","2","1","0","8","","3","","6","1","0","0","0","","","","","","1","","1","","1","19450623","0","WIL04","HOM","l","exhibition","y"
"KCM194507041","smith111","KCM","1","value","21","","27","5","0","0","0","3","","0","","4","0","0","0","0","","","","","","1","","1","","1","19450704","1","KAN05","CVB","l","regular","y"
"KCM194507100","smith111","KCM","1","value","","","","","","","","","","","","","","","","","","","","","","","","1","","","19450710","0","IND10","BIR","w","regular",""
"MEM194507222","smith111","KCM","1","value","21","","26","3","0","0","0","2","","1","","3","1","0","0","0","","","","","1","","","1","","1","19450722","2","DET04","MEM","w","regular","y"
"CAG194507270","smith111","KCM","1","value","27","","37","11","1","1","0","3","","2","","4","0","0","0","0","","","","","1","","","1","","1","19450727","0","SPR03","CAG","w","regular","y"
"HOM194508082","smith111","KCM","1","value","27","","30","3","0","1","1","2","2","0","","5","0","0","0","0","","","","","1","","","1","","1","19450808","2","PIT06","HOM","w","exhibition","y"
"HOM194508162","smith111","KCM","2","value","5","","7","1","0","0","0","0","","2","0","3","0","1","0","0","0","","","","","","","","1","","19450816","2","WAS09","HOM","t","exhibition","y"
"CIA194508191","smith111","KCM","1","value","","","","","","","","","","","","","","","","","","","","","","","","1","","","19450819","1","CIN07","CIA","l","regular",""
"CIA194509162","smith111","KCM","1","value","18","","","7","","","","2","","","","","","","","","","","","","","1","","1","","1","19450916","2","IND10","CIA","l","exhibition",""
"KCM194509200","smith111","KCM","1","value","27","","39","13","0","1","0","6","","1","","3","0","0","0","1","","","","","","1","","1","","1","19450920","0","OKC02","CIA","l","exhibition","y"
"KCR194510100","smith111","KCR","1","value","","","","","","","","","","","","","","","","","","","","","","1","","1","","","19451010","0","LOS02","VDA","l","exhibition",""
"KCM194604030","smith111","KCM","1","value","","","","","","","","","","","","","","","","","","","","","","","","1","","","19460403","0","HOU04","CCR","w","exhibition",""
"KCM194604070","smith111","KCM","1","value","","","","","","","","","","","","","","","","","","","","","","","","1","","","19460407","0","WAC01","CCR","w","exhibition",""
"CCR194604170","smith111","KCM","1","value","","","","","","","","","","","","","","","","","","","","","","","","1","","","19460417","0","DAL01","CCR","w","exhibition",""
"KCM194604211","smith111","KCM","1","value","27","","","5","1","","","1","1","","","","","","","","","","","","1","","","1","","1","19460421","1","HOU04","CAG","w","exhibition",""
"IN9194604282","smith111","KCM","1","value","21","","","2","","","","0","0","","","","","","","","","","","","1","","","1","","1","19460428","2","NOL01","IN9","w","exhibition",""
"CAG194605051","smith111","KCM","1","value","15","","22","4","0","0","1","4","4","2","0","5","0","0","0","","0","","","","","1","","1","","","19460505","1","CHI10","CAG","l","regular","y"
"KCM194605090","smith111","KCM","2","value","9","","","","","","","","","","","","","","","","","","","","1","","","","1","","19460509","0","OKC02","CAG","w","regular",""
"KCM194605120","smith111","KCM","1","value","21","","24","3","0","0","0","0","","0","0","4","0","0","0","","0","","","","1","","","1","","","19460512","0","KAN05","MEM","w","regular","y"
"MEM194606021","smith111","KCM","1","value","27","","","8","","","","3","","","","","","","","","","","","","1","","","1","","1","19460602","1","MEM03","MEM","w","regular",""
"CVB194606110","smith111","KCM","3","value","6","","","","","","","","","","","","","","","","","","","","","","","","1","","19460611","0","TOL05","CVB","t","regular",""
"KCM194606130","smith111","KCM","1","value","27","","34","7","4","0","0","1","","0","","2","0","0","0","2","","","","","1","","","1","","1","19460613","0","KAN05","MEM","w","regular","y"
"KCM194606161","smith111","KCM","2","value","6","","9","3","0","0","0","1","","0","0","0","0","0","0","0","0","","","","1","","","","1","","19460616","1","KAN05","CVB","w","regular","y"
"KCM194606200","smith111","KCM","2","value","12","","12","1","0","0","0","0","0","0","0","1","0","0","0","","0","","","","","","1","","1","","19460620","0","WIC01","IN9","w","regular","y"
"IN9194606270","smith111","KCM","1","value","24","","","9","","1","","2","","","","","","1","","","","","","","","1","","1","","1","19460627","0","CHI10","IN9","l","regular",""
"NY5194607072","smith111","KCM","2","value","14","","","7","","","","4","","","","","","","","","","","","","","1","","","1","","19460707","2","NYC16","NY5","l","exhibition",""
"NY6194607142","smith111","KCM","2","value","9","","","2","","","","0","0","","","","","","","","","","","","","","","","1","","19460714","2","NYC14","NY6","w","exhibition",""
"KCM194607220","smith111","KCM","1","value","27","","35","7","0","2","0","1","","1","","2","0","0","0","0","","","","","1","","","1","","1","19460722","0","KAN05","IN9","w","regular","y"
"IN9194607282","smith111","KCM","1","value","21","","","9","","","","3","","","","","","","","","","","","","1","","","1","","1","19460728","2","CIN07","IN9","w","regular",""
"HOM194608051","smith111","KCM","1","value","26","","36","6","1","1","0","3","3","5","","1","0","0","1","3","1","","","","","1","","1","","1","19460805","1","PHI11","HOM","l","exhibition","y"
"KCM194608130","smith111","KCM","1","value","27","","30","5","3","0","0","0","0","0","","6","0","0","0","0","","","","","1","","","1","","1","19460813","0","CBI01","CCR","w","exhibition","y"
"KCM194608182","smith111","KCM","1","value","24","","36","8","0","0","0","5","","1","0","1","0","0","0","1","0","","","","","","","1","","","19460818","2","KAN05","MEM","t","exhibition","y"
"MEM194608230","smith111","KCM","1","value","","","","","","","","","","","","","","","","","","","","","","","","1","","","19460823","0","MEM03","MEM","w","regular",""
"IN9194609030","smith111","KCM","1","value","27","","","3","","","","1","1","","","","","","","","","","","","1","","","1","","1","19460903","0","COL05","IN9","w","regular",""
"IN9194609082","smith111","KCM","2","value","","","","","","","","","","","","","","","","","","","","","","","","","1","","19460908","2","CIN07","IN9","t","regular",""
"NW2194609170","smith111","KCM","1","value","15","1","21","5","0","0","0","1","1","2","0","4","0","0","0","0","0","0","0","0","","","","1","","","19460917","0","NYC14","NW2","w","championship","y"
"KCM194609250","smith111","KCM","1","value","27","0","36","10","1","0","0","1","1","1","0","3","0","0","0","1","0","0","0","0","1","","","1","","1","19460925","0","CHI10","NW2","w","championship","y"
"ASF194610012","smith111","ASP","2","value","15","","22","5","","","0","2","","1","","2","1","0","0","1","","","","","","","","","1","","19461001","2","CLE07","ASF","l","exhibition","y"
"ASP194610130","smith111","ASP","1","value","27","0","35","10","2","2","0","2","2","1","0","3","1","0","0","0","0","0","1","0","1","","","1","","1","19461013","0","KAN05","ASF","w","exhibition","y"
"KCM194704271","smith111","KCM","1","value","27","","","7","","","","3","","","","","","","","","","","","","1","","","1","","1","19470427","1","NOL01","IN9","w","exhibition",""
"KCM194705040","smith111","KCM","1","value","27","","35","11","1","0","0","3","","1","","0","0","0","0","0","","","","","1","","","1","","1","19470504","0","KAN05","CAG","w","regular","y"
"BIR194705120","smith111","KCM","1","value","27","","","9","","","","4","","","","","","","","","","","","","1","","","1","","1","19470512","0","JAC01","BIR","w","regular",""
"KCM194705210","smith111","KCM","1","value","27","","37","8","0","0","0","3","3","1","","2","0","0","0","0","","","","","1","","","1","","1","19470521","0","OKC02","CAG","w","regular","y"
"KCM194705270","smith111","KCM","1","value","27","","45","17","2","0","0","8","","3","","4","0","0","0","0","","","","","1","","","1","","1","19470527","0","WIC01","MEM","w","regular","y"
"KCM194706020","smith111","KCM","1","value","27","","","8","","","","4","4","","","","","","","","","","","","","1","","1","","1","19470602","0","TUL01","CVB","l","regular",""
"MEM194706240","smith111","KCM","1","value","27","","","5","","","","1","","","","","","","","","","","","","1","","","1","","1","19470624","0","LRK02","MEM","w","regular",""
"KCM194706291","smith111","KCM","1","value","27","","37","6","2","0","0","1","","3","","4","0","0","0","1","","","","","1","","","1","","1","19470629","1","KAN05","IN9","w","regular","y"
"NY6194707062","smith111","KCM","1","value","24","","34","11","1","0","1","5","5","0","","3","1","0","0","0","","","","","","1","","1","","1","19470706","2","NYC14","NY6","l","exhibition","y"
"KCM194707110","smith111","KCM","1","value","27","","","","","","","4","","","","","","","","","","","","","1","","","1","","1","19470711","0","TUL01","BIR","w","regular",""
"KCM194707140","smith111","KCM","2","value","12","","18","5","0","0","0","5","","1","0","0","0","0","0","1","0","","","","1","","","","1","","19470714","0","KAN05","BIR","w","regular","y"
"KCM194707202","smith111","KCM","1","value","21","","","4","","","","1","","","","","","","","","","","","","1","","","1","","1","19470720","2","CIN07","CAG","w","regular",""
"KCM194708042","smith111","KCM","1","value","21","","32","11","0","0","0","5","","0","","","0","0","0","0","","","","","","1","","1","","1","19470804","2","STL07","IN9","l","regular","y"
"KCM194708200","smith111","KCM","1","value","12","","18","6","","","0","5","","0","0","2","1","0","0","1","","","","","","","","1","","","19470820","0","STJ01","IN9","l","regular","y"
"NY5194708242","smith111","KCM","2","value","","","","","","","","","","","","","","","","","","","","","","","","","1","","19470824","2","NYC16","NY5","t","exhibition",""
"PH5194708261","smith111","KCM","1","value","5","","18","10","0","0","0","7","","2","0","","0","0","0","","0","","","","","1","","1","","","19470826","1","PHI11","PH5","l","exhibition","y"
"KCM194709141","smith111","KCM","2","value","9","","14","4","0","0","0","5","","0","0","0","0","0","0","","0","","","","","1","","","1","","19470914","1","KAN05","MEM","l","regular","y"
"IN9194804150","smith111","KCM","1","value","27","","","","","","","7","","","","","","","","","","","","","1","","","1","","1","19480415","0","JAC01","IN9","w","exhibition",""
"KCM194804220","smith111","KCM","2","value","15","","","","","","","1","","","","","","","","","","","","","1","","","","1","","19480422","0","OKC02","MEM","w","exhibition",""
"KCM194804220","smith111","KCM","2","upper","18","","","","","","","1","","","","","","","","","","","","","","","","","","","19480422","0","OKC02","MEM","w","exhibition",""
"KCM194804300","smith111","KCM","1","value","","","","","","","","","","","","","","","","","","","","","","","","1","","","19480430","0","DAL01","IN9","w","exhibition",""
"KCM194805190","smith111","KCM","1","value","22","0","31","7","0","1","0","2","2","1","0","6","0","0","0","1","0","0","0","0","1","","","1","","","19480519","0","WIC01","CVB","w","regular","y"
"KCM194805231","smith111","KCM","3","value","3","","5","2","","","0","2","","0","","0","0","0","0","1","","","","","","","","","1","","19480523","1","KAN05","IN9","l","regular","y"
"KCM194805280","smith111","KCM","2","value","20","0","28","5","0","1","0","4","4","4","0","3","0","0","0","1","0","1","0","0","","","","","1","","19480528","0","KAN05","IN9","l","regular","y"
"IN9194806020","smith111","KCM","2","value","9","","","","","","","","","","","","","","","","","","","","","","","","","","19480602","0","COL05","IN9","l","regular",""
"BIR194806050","smith111","KCM","2","value","","","","","","","","","","","","","","","","","","","","","","","","","1","","19480605","0","BIR01","BIR","l","regular",""
"BIR194806070","smith111","KCM","2","value","","","","","","","","","","","","","","","","","","","","","","","","","1","","19480607","0","MEM02","BIR","l","regular",""
"CVB194806131","smith111","KCM","2","value","1","","","2","","","","2","2","","","","1","1","","","","","","","","1","","","1","","19480613","1","CLE06","CVB","l","regular",""
"CVB194806132","smith111","KCM","2","value","9","","","","","","","2","","","","","","","","","","","","","","","","","1","","19480613","2","CLE06","CVB","l","regular",""
"CVB194806180","smith111","KCM","1","value","","","","","","","","","","","","","","","","","","","","","","1","","1","","","19480618","0","DAY03","CVB","l","regular",""
"KCM194806272","smith111","KCM","1","value","24","0","37","13","2","1","0","5","5","1","0","3","0","0","0","0","0","4","1","0","","","","1","","1","19480627","2","KAN05","CVB","t","regular","y"
"KCM194807052","smith111","KCM","2","value","13","","23","8","","0","0","3","","2","","2","0","0","0","","","","","","1","","","","","","19480705","2","KAN05","CAG","w","regular","y"
"CAG194807120","smith111","KCM","1","value","6","","15","7","","","2","9","","1","","4","0","0","0","","","","","","","1","","1","","","19480712","0","DCT02","CAG","l","regular","y"
"IN9194807220","smith111","KCM","1","value","21","","","","","","","4","","","","","","","","","","","","","1","","","1","","","19480722","0","IND10","IN9","w","regular",""
"IN9194807220","smith111","KCM","1","upper","24","","","","","","","4","","","","","","","","","","","","","","","","","","","19480722","0","IND10","IN9","w","regular",""
"KCM194807280","smith111","KCM","1","value","21","","35","9","","0","0","7","5","3","","3","1","0","0","1","","","","","","","","1","","","19480728","0","STJ01","IN9","l","regular","y"
"KCM194808170","smith111","KCM","2","value","","","","","","","","","","","","","","","","","","","","","","","","","","","19480817","0","STL07","CAG","l","regular",""
"KCM194808220","smith111","KCM","2","value","5","","10","5","0","0","0","2","2","0","0","0","0","0","0","0","","","","","1","","","","","","19480822","0","DEN03","MEM","w","exhibition","y"
"KCM194808240","smith111","KCM","2","value","16","","","","","","","3","","","","","","","","","","","","","1","","","","1","","19480824","0","DEN03","MEM","w","exhibition",""
"KCM194808240","smith111","KCM","2","upper","18","","","","","","","3","","","","","","","","","","","","","1","","","","1","","19480824","0","DEN03","MEM","w","exhibition",""
"BLG194809030","smith111","KCM","1","value","27","","36","6","","","0","2","","3","","7","0","0","0","0","","","","","1","","","1","","1","19480903","0","BAL14","BLG","w","exhibition","y"
"NY6194809062","smith111","KCM","2","value","2","0","1","0","0","0","0","0","0","0","0","0","0","0","0","0","0","0","0","0","","","","","1","","19480906","2","NYC14","NY6","l","exhibition","y"
